,temperature,humidity,label,soil_moisture
0,20.87974371,82.00274423,rice,30
1,21.77046169,80.31964408,rice,30
2,23.00445915,82.3207629,rice,30
3,26.49109635,80.15836264,rice,30
4,20.13017482,81.60487287,rice,30
5,23.05804872,83.37011772,rice,30
6,22.70883798,82.63941394,rice,30
7,20.27774362,82.89408619,rice,30
8,24.51588066,83.53521629999999,rice,30
9,23.22397386,83.03322691,rice,30
10,26.52723513,81.41753846,rice,30
11,23.97898217,81.45061596,rice,30
12,26.80079604,80.88684822,rice,30
13,24.01497622,82.05687182,rice,30
14,25.66585205,80.66385045,rice,30
15,24.28209415,80.30025587,rice,30
16,21.58711777,82.7883708,rice,30
17,23.79391957,80.41817957,rice,30
18,21.8652524,80.1923008,rice,30
19,23.57943626,83.58760316,rice,30
20,21.32504158,80.47476396,rice,30
21,25.15745531,83.11713476,rice,30
22,21.94766735,80.97384195,rice,30
23,21.0525355,82.67839517,rice,30
24,23.48381344,81.33265073,rice,30
25,25.0756354,80.52389148,rice,30
26,26.35927159,84.04403589,rice,30
27,24.52922681,80.54498576,rice,30
28,20.77576147,84.49774397,rice,30
29,22.30157427,80.64416466,rice,30
30,21.44653958,84.94375962,rice,30
31,22.17931888,80.33127223,rice,30
32,24.52783742,82.73685569,rice,30
33,20.26707606,81.63895217,rice,30
34,25.7354293,83.88266234,rice,30
35,26.79533926,82.1480873,rice,30
36,26.75754171,81.17734011,rice,30
37,23.86330467,83.15250801,rice,30
38,21.01944696,82.95221726,rice,30
39,24.17298839,83.7287574,rice,30
40,22.78133816,82.06719137,rice,30
41,25.62980105,83.52842314,rice,30
42,25.59704938,80.14509262,rice,30
43,23.83067496,84.81360127,rice,30
44,26.31355498,82.36698992,rice,30
45,24.8972823,80.52586088,rice,30
46,24.958779,84.47963372,rice,30
47,23.24113501,84.59201843,rice,30
48,21.66628296,80.70960551,rice,30
49,24.63544858,80.41363018,rice,30
50,23.43121862,83.06310136,rice,30
51,20.0454142,80.3477562,rice,30
52,23.85724032,82.22572988,rice,30
53,21.97199397,81.89918197,rice,30
54,26.22916897,83.83625819,rice,30
55,23.44676801,84.79352417,rice,30
56,25.65553461,83.47021081,rice,30
57,24.44345477,82.45432595,rice,30
58,20.2801937,82.1235421,rice,30
59,21.7238313,80.2389895,rice,30
60,20.41447029,82.20802629,rice,30
61,25.75528612,83.51827127,rice,30
62,20.61521424,83.77345559,rice,30
63,21.84106875,80.72886384,rice,30
64,20.08369642,83.29114712,rice,30
65,24.45802087,82.74835604,rice,30
66,21.14347496,80.33502926,rice,30
67,25.78720567,82.11124033,rice,30
68,23.64124821,80.28597873,rice,30
69,23.43191632,80.56887849,rice,30
70,24.97669518,83.891805,rice,30
71,22.72791041,82.17068809999998,rice,30
72,24.87300744,82.84022551,rice,30
73,21.32376327,83.00320459,rice,30
74,26.29465461,84.56919326,rice,30
75,22.2286982,81.85872947,rice,30
76,26.73072391,81.78596776,rice,30
77,24.88921174,81.97927117,rice,30
78,26.88444878,81.46033732,rice,30
79,22.67846116,83.72874389,rice,30
80,26.08867875,80.37979919,rice,30
81,25.42977518,82.94682591,rice,30
82,26.40323239,81.05635517,rice,30
83,26.04371967,84.96907151,rice,30
84,25.2827223,80.54372813,rice,30
85,22.08576562,83.47038318,rice,30
86,23.28617173,81.43321641,rice,30
87,25.48591986,81.40633547,rice,30
88,23.67575393,81.03569343,rice,30
89,20.82477109,84.1341879,rice,30
90,26.92995077,81.91411159,rice,30
91,23.83509503,83.88387074,rice,30
92,26.52872817,80.12267476,rice,30
93,26.46428311,83.85642678,rice,30
94,22.69657794,82.81088865,rice,30
95,22.68319059,83.46358271,rice,30
96,21.53346343,82.14004101,rice,30
97,21.40865769,83.32931909999998,rice,30
98,26.54348085,84.67353597,rice,30
99,23.35905428,83.59512273,rice,30
100,22.61359953,63.69070564,maize,50
101,26.10018422,71.57476937,maize,50
102,23.55882094,71.59351368,maize,50
103,19.97215954,57.68272924,maize,50
104,18.47891261,62.69503871,maize,50
105,21.77689322,57.80840636,maize,50
106,25.6217169,66.50415474,maize,50
107,25.19192419,66.69029010000001,maize,50
108,20.41683147,62.55424820000001,maize,50
109,24.92162194,66.78627406,maize,50
110,23.31689124,73.4541537,maize,50
111,24.84016732,68.3584573,maize,50
112,22.27526694,58.84015925,maize,50
113,18.87751445,65.76816093,maize,50
114,25.19008683,60.200168700000006,maize,50
115,18.25405352,55.28220433,maize,50
116,24.612911800000006,70.4162444,maize,50
117,25.1420613,65.26185135,maize,50
118,23.09348056,60.11593810000001,maize,50
119,18.05033737,62.89366992,maize,50
120,24.9321581,73.80435276,maize,50
121,18.14710054,71.09445342,maize,50
122,18.28362235,66.65952796,maize,50
123,18.83344471,58.75082029,maize,50
124,25.71895816,67.22190688,maize,50
125,25.33797709,68.49835977,maize,50
126,23.89114571,57.48775781,maize,50
127,21.53574127,71.50905983,maize,50
128,23.08974909,63.10459626,maize,50
129,25.61707368,63.4711755,maize,50
130,21.44526922,63.1621551,maize,50
131,18.51816776,55.53128131,maize,50
132,22.53510514,67.99257471,maize,50
133,23.02038334,61.89472002,maize,50
134,24.89364635,65.61418761,maize,50
135,25.77175115,74.089114,maize,50
136,19.39851734,62.35750641,maize,50
137,21.54156232,59.64024162,maize,50
138,23.79746068,74.82913698,maize,50
139,18.9802729,74.52600826,maize,50
140,24.10859207,73.13112261,maize,50
141,24.7947077,70.04556743,maize,50
142,21.63162756,60.27766379,maize,50
143,25.37548751,57.21025565,maize,50
144,22.21738222,72.85462807,maize,50
145,20.58314011,69.00128641,maize,50
146,24.87502824,68.74248334,maize,50
147,20.03728219,56.35606753,maize,50
148,25.95263264,61.89082199,maize,50
149,19.28889933,65.47050802,maize,50
150,20.57981887,65.34583901,maize,50
151,24.71417533,56.73426469,maize,50
152,20.27317074,63.91281869,maize,50
153,18.41932981,64.23580251,maize,50
154,23.39128187,61.74427165,maize,50
155,19.84939404,61.24500053,maize,50
156,21.869274,61.91044947,maize,50
157,22.8056033,56.50768935,maize,50
158,19.0781471,69.02298571,maize,50
159,22.02720976,65.35549924,maize,50
160,23.80546189,59.24537979,maize,50
161,18.52510753,69.0276233,maize,50
162,23.50297882,61.32026065,maize,50
163,26.54986394,72.89187265,maize,50
164,19.29563411,69.63481219,maize,50
165,20.68899915,59.4375337,maize,50
166,19.32666088,68.03449300000001,maize,50
167,24.60532218,73.58868502,maize,50
168,22.27373646,59.52193158,maize,50
169,25.70196694,61.33450447,maize,50
170,19.20129357,68.30578978,maize,50
171,21.70181447,60.47470519,maize,50
172,20.51716779,59.21235483,maize,50
173,23.30355338,73.62548442,maize,50
174,24.2547451,55.64709899,maize,50
175,24.86374934,65.7420046,maize,50
176,22.6265115,65.77472881,maize,50
177,18.04185513,60.61494304,maize,50
178,23.26237612,72.33125523,maize,50
179,22.88330922,71.59722446,maize,50
180,25.97482359,69.36385721,maize,50
181,26.14384005,66.20569924,maize,50
182,18.66116213,61.55327249,maize,50
183,25.10787449,55.97732754,maize,50
184,23.33844615,59.24580604,maize,50
185,25.08239719,65.92195844,maize,50
186,25.36768364,72.52054555,maize,50
187,25.34217103,63.31801994,maize,50
188,25.00933355,67.816568,maize,50
189,18.66746724,71.516474,maize,50
190,20.37999665,63.73849998,maize,50
191,18.09300227,72.61024172,maize,50
192,26.16985907,71.96246617,maize,50
193,18.65396672,61.37879671,maize,50
194,26.07470121,59.37147589,maize,50
195,18.92851916,72.80086137,maize,50
196,23.30546753,63.24648023,maize,50
197,18.74826712,62.49878458,maize,50
198,19.74213321,59.66263104,maize,50
199,25.73044432,70.74739256,maize,50
200,17.02498456,16.98861173,chickpea,60
201,19.02061277,17.13159126,chickpea,60
202,17.88776475,15.40589717,chickpea,60
203,18.86805647,15.65809214,chickpea,60
204,18.36952567,19.56381041,chickpea,60
205,20.45078582,15.40312102,chickpea,60
206,20.6543203,16.60820843,chickpea,60
207,17.3348681,18.74926979,chickpea,60
208,18.17912258,18.90426935,chickpea,60
209,18.01272266,18.30968112,chickpea,60
210,20.99373558,19.33470387,chickpea,60
211,19.46233971,15.22538951,chickpea,60
212,19.81344531,14.69765308,chickpea,60
213,18.97424756,19.5161216,chickpea,60
214,18.19737048,14.71070537,chickpea,60
215,18.72963144,19.18197264,chickpea,60
216,20.99502153,19.8601304,chickpea,60
217,20.28155898,16.39535215,chickpea,60
218,17.48042641,15.7559405,chickpea,60
219,20.88818675,14.32313811,chickpea,60
220,17.08498521,16.14565756,chickpea,60
221,20.09340593,15.11279612,chickpea,60
222,17.57212145,14.99927489,chickpea,60
223,19.12065218,18.43475844,chickpea,60
224,18.57665902,19.22008229,chickpea,60
225,17.16606398,14.42457525,chickpea,60
226,18.2872007,16.67921616,chickpea,60
227,19.03025305,18.66725565,chickpea,60
228,17.141861399999996,17.0662427,chickpea,60
229,17.47809436,17.93253975,chickpea,60
230,20.56601874,14.25803981,chickpea,60
231,17.22385224,15.82069268,chickpea,60
232,19.69141713,19.44225438,chickpea,60
233,17.84851658,19.09172907,chickpea,60
234,18.8202251,16.1074793,chickpea,60
235,17.47500984,16.54314829,chickpea,60
236,18.72649425,17.58406365,chickpea,60
237,18.65580107,16.17772668,chickpea,60
238,18.2356751,19.68538502,chickpea,60
239,18.81198127,15.21618225,chickpea,60
240,18.65054116,17.80852431,chickpea,60
241,20.36720401,16.89574311,chickpea,60
242,18.38120357,16.63805158,chickpea,60
243,17.17012591,17.30457712,chickpea,60
244,19.37101121,15.77458129,chickpea,60
245,17.92845928,14.27327988,chickpea,60
246,19.45339934,18.23490739,chickpea,60
247,19.12829388,14.92241479,chickpea,60
248,19.1034283,17.26184541,chickpea,60
249,17.48504075,16.96070581,chickpea,60
250,19.40751744,18.98030507,chickpea,60
251,20.18649426,19.63719995,chickpea,60
252,17.30287885,15.15405941,chickpea,60
253,17.50361137,15.48083156,chickpea,60
254,18.17234999,14.70085967,chickpea,60
255,17.57445618,16.71826572,chickpea,60
256,20.93175255,18.91295403,chickpea,60
257,19.71098332,17.63879418,chickpea,60
258,19.07937684,17.86754927,chickpea,60
259,18.54988627,16.02542689,chickpea,60
260,18.19903647,17.41333199,chickpea,60
261,18.88852533,14.99451145,chickpea,60
262,18.49311205,14.72115044,chickpea,60
263,19.48974337,17.17260319,chickpea,60
264,17.25769499,18.74943955,chickpea,60
265,19.62416326,18.71483156,chickpea,60
266,20.67526473,19.85388984,chickpea,60
267,20.02381489,16.63294455,chickpea,60
268,20.118744600000007,14.44228303,chickpea,60
269,20.65691793,15.84572566,chickpea,60
270,19.2582557,14.2804191,chickpea,60
271,17.927806,15.85622899,chickpea,60
272,19.16288268,15.83500655,chickpea,60
273,20.26942271,19.96978871,chickpea,60
274,17.09104223,18.25142068,chickpea,60
275,17.06579293,17.54024066,chickpea,60
276,20.62767492,14.44008871,chickpea,60
277,20.8248451,17.85057083,chickpea,60
278,19.46210401,18.72831993,chickpea,60
279,17.18248372,16.42891834,chickpea,60
280,17.48911699,16.39055394,chickpea,60
281,17.48395377,14.76014523,chickpea,60
282,19.48316794,17.44534641,chickpea,60
283,19.71359733,18.09665739,chickpea,60
284,19.48649305,16.06240074,chickpea,60
285,19.95264829,14.82633099,chickpea,60
286,19.41789736,16.80472243,chickpea,60
287,19.45591848,18.02235902,chickpea,60
288,20.19137759,16.41998269,chickpea,60
289,18.8392908,14.74071856,chickpea,60
290,20.71219282,19.83643308,chickpea,60
291,18.99424448,15.9362937,chickpea,60
292,19.96837462,15.57324389,chickpea,60
293,17.81564548,17.60756635,chickpea,60
294,20.71424384,15.27824066,chickpea,60
295,17.34150229,18.75626255,chickpea,60
296,17.43732714,14.33847406,chickpea,60
297,18.89780215,19.76182946,chickpea,60
298,18.59190771,14.77959596,chickpea,60
299,18.31561493,15.36143547,chickpea,60
300,17.13692774,20.59541693,kidneybeans,45
301,19.63474332,18.90705639,kidneybeans,45
302,22.91350245,21.33953114,kidneybeans,45
303,16.43340342,24.24045875,kidneybeans,45
304,22.13974653,23.02251117,kidneybeans,45
305,17.84806561,18.77621951,kidneybeans,45
306,19.88394011,20.31564139,kidneybeans,45
307,19.32509638,23.3334788,kidneybeans,45
308,18.416700100000003,23.42829938,kidneybeans,45
309,21.81167649,23.20591245,kidneybeans,45
310,19.72702528,18.28173015,kidneybeans,45
311,17.15432954,19.87070659,kidneybeans,45
312,19.62207826,18.67170854,kidneybeans,45
313,21.63149148,21.17919701,kidneybeans,45
314,16.06522754,18.72479695,kidneybeans,45
315,20.61162204,24.36314135,kidneybeans,45
316,21.42451099,20.39659714,kidneybeans,45
317,19.07096165,21.21092266,kidneybeans,45
318,21.18853178,19.63438599,kidneybeans,45
319,23.0429097,22.42610972,kidneybeans,45
320,20.65375833,23.10538637,kidneybeans,45
321,18.09551014,18.29318436,kidneybeans,45
322,18.23775702,21.07643273,kidneybeans,45
323,17.48189735,18.8251973,kidneybeans,45
324,19.9191786,21.47324158,kidneybeans,45
325,20.27514686,23.2353604,kidneybeans,45
326,15.77370214,19.2303162,kidneybeans,45
327,16.71170642,19.17651433,kidneybeans,45
328,17.66148158,18.15302753,kidneybeans,45
329,18.50692825,23.61670065,kidneybeans,45
330,24.51324787,20.81527638,kidneybeans,45
331,18.87614998,24.54038287,kidneybeans,45
332,21.59343016,20.31871249,kidneybeans,45
333,20.12373284,24.45202552,kidneybeans,45
334,15.43546065,18.37477907,kidneybeans,45
335,22.64236876,21.59396123,kidneybeans,45
336,21.98560799,24.87304788,kidneybeans,45
337,20.53052663,18.09224048,kidneybeans,45
338,15.78601387,21.14544088,kidneybeans,45
339,19.6365349,19.68751084,kidneybeans,45
340,20.57341244,19.7520218,kidneybeans,45
341,20.16080524,24.84207559,kidneybeans,45
342,21.53989176,24.25386207,kidneybeans,45
343,15.53834801,23.75560241,kidneybeans,45
344,19.91853092,20.70099804,kidneybeans,45
345,20.76952209,18.93146941,kidneybeans,45
346,23.46168338,23.22197648,kidneybeans,45
347,24.32116642,21.0278674,kidneybeans,45
348,20.12574053,24.96969858,kidneybeans,45
349,21.80619564,18.57086554,kidneybeans,45
350,19.52226241,24.92607153,kidneybeans,45
351,17.00067625,19.90790546,kidneybeans,45
352,16.78791503,24.96881755,kidneybeans,45
353,24.84906168,22.89464642,kidneybeans,45
354,16.51783455,20.4555596,kidneybeans,45
355,18.15300153,19.38602098,kidneybeans,45
356,23.18864385,22.3104551,kidneybeans,45
357,23.38002569,21.98879437,kidneybeans,45
358,18.358923,19.37703396,kidneybeans,45
359,19.25975367,20.51346956,kidneybeans,45
360,22.95458237,24.03553105,kidneybeans,45
361,20.120043,22.89845607,kidneybeans,45
362,21.14011423,22.7182355,kidneybeans,45
363,24.92360104,18.22590825,kidneybeans,45
364,15.33042636,24.91506728,kidneybeans,45
365,18.81097271,21.27833035,kidneybeans,45
366,23.44260668,22.77255917,kidneybeans,45
367,22.8352024,18.97267518,kidneybeans,45
368,24.9035819,22.27512704,kidneybeans,45
369,23.78709569,24.35679348,kidneybeans,45
370,22.05592283,19.60379304,kidneybeans,45
371,18.87492997,20.18238348,kidneybeans,45
372,18.62328774,23.02410338,kidneybeans,45
373,23.00884744,18.86880997,kidneybeans,45
374,19.33162606,24.13995025,kidneybeans,45
375,16.24469193,21.35793891,kidneybeans,45
376,17.91652287,24.90814655,kidneybeans,45
377,15.46789263,21.43780702,kidneybeans,45
378,17.06104474,23.77201471,kidneybeans,45
379,21.32776028,18.48522915,kidneybeans,45
380,23.90910104,20.74619325,kidneybeans,45
381,23.89756791,22.74378977,kidneybeans,45
382,22.98666928,20.57940608,kidneybeans,45
383,21.35135729,22.91244883,kidneybeans,45
384,24.1638445,19.27907819,kidneybeans,45
385,24.62835037,18.18325169,kidneybeans,45
386,21.02213209,24.93896255,kidneybeans,45
387,17.30844532,20.01730914,kidneybeans,45
388,23.82576704,24.75485098,kidneybeans,45
389,19.30607278,23.96362799,kidneybeans,45
390,16.03768615,22.33195853,kidneybeans,45
391,19.18572809,20.83398341,kidneybeans,45
392,19.92889503,21.79992115,kidneybeans,45
393,19.56376468,24.67385131,kidneybeans,45
394,18.31357543,24.32991649,kidneybeans,45
395,20.10993761,23.22323766,kidneybeans,45
396,23.60506572,21.90539577,kidneybeans,45
397,19.73136909,24.89487354,kidneybeans,45
398,20.93409877,21.1893007,kidneybeans,45
399,18.78226261,20.24768314,kidneybeans,45
400,36.51268371,57.92887167,pigeonpeas,45
401,36.89163721,62.73178224,pigeonpeas,45
402,29.23540524,59.38967583,pigeonpeas,45
403,27.33534897,43.35795962,pigeonpeas,45
404,21.0643684,55.46985938,pigeonpeas,45
405,30.33276599,42.35249879,pigeonpeas,45
406,31.80130272,45.03186173,pigeonpeas,45
407,33.18184225,38.23184742,pigeonpeas,45
408,29.38538562,63.47742011,pigeonpeas,45
409,30.27374995,67.38680755,pigeonpeas,45
410,35.45790488,68.75810535,pigeonpeas,45
411,33.80020039,40.03262418,pigeonpeas,45
412,28.69180475,49.47225353,pigeonpeas,45
413,31.24021696,56.67369054,pigeonpeas,45
414,28.98039357,57.23265151,pigeonpeas,45
415,27.32198928,34.13737127,pigeonpeas,45
416,21.47607807,38.80023714,pigeonpeas,45
417,18.31910448,34.69776639,pigeonpeas,45
418,36.97794384,37.73992903,pigeonpeas,45
419,24.80467592,40.1242747,pigeonpeas,45
420,19.3479443,55.96805489,pigeonpeas,45
421,28.88302142,50.12323801,pigeonpeas,45
422,19.54314136,47.19188279,pigeonpeas,45
423,24.7741949,50.54621094,pigeonpeas,45
424,18.33124824,38.40975482,pigeonpeas,45
425,19.14729038,45.3733757,pigeonpeas,45
426,28.23416057,49.4421345,pigeonpeas,45
427,30.11812084,34.13307843,pigeonpeas,45
428,33.4126864,35.42910045,pigeonpeas,45
429,24.18553163,46.68746847,pigeonpeas,45
430,26.88630675,41.69617915,pigeonpeas,45
431,31.33170829,57.97429171,pigeonpeas,45
432,33.30711818,67.07780816,pigeonpeas,45
433,23.45379018,46.48714759,pigeonpeas,45
434,34.53823889,39.04468913,pigeonpeas,45
435,19.50112224,34.51086611,pigeonpeas,45
436,28.76794904,37.57792132,pigeonpeas,45
437,30.97758716,32.24914235,pigeonpeas,45
438,18.39759147,36.82639309,pigeonpeas,45
439,35.09357419,30.98685456,pigeonpeas,45
440,34.93174223,30.40046769,pigeonpeas,45
441,29.50523036,35.72032498,pigeonpeas,45
442,34.51934775,47.52980027,pigeonpeas,45
443,28.43430726,52.10010827,pigeonpeas,45
444,18.41645629,34.80541039,pigeonpeas,45
445,31.07508973,47.19847683,pigeonpeas,45
446,20.89342749,46.24856523,pigeonpeas,45
447,30.90607799,52.79913039,pigeonpeas,45
448,27.9348279,66.45457122,pigeonpeas,45
449,35.95176642,36.52780776,pigeonpeas,45
450,19.54317155,56.92831399,pigeonpeas,45
451,19.63736208,32.31528909,pigeonpeas,45
452,31.2192752,56.46868874,pigeonpeas,45
453,33.50876355,45.70976142,pigeonpeas,45
454,24.80710166,45.01110015,pigeonpeas,45
455,36.20970524,31.94550613,pigeonpeas,45
456,30.50420876,35.48885969,pigeonpeas,45
457,26.01630259,49.94704718,pigeonpeas,45
458,31.48469278,35.6395615,pigeonpeas,45
459,33.15122581,32.45974539,pigeonpeas,45
460,23.50222822,51.29019509,pigeonpeas,45
461,34.87248659,38.83786012,pigeonpeas,45
462,28.09269012,44.93322042,pigeonpeas,45
463,24.54757829,57.3414485,pigeonpeas,45
464,33.64769646,48.41490082,pigeonpeas,45
465,20.5591255,60.54880693,pigeonpeas,45
466,19.95991719,59.33157782,pigeonpeas,45
467,28.87667593,62.4901206,pigeonpeas,45
468,36.04353699,43.61444121,pigeonpeas,45
469,23.6734328,47.2879691,pigeonpeas,45
470,25.74679443,40.7192594,pigeonpeas,45
471,31.08564994,66.68832981,pigeonpeas,45
472,18.72987676,61.33186249,pigeonpeas,45
473,29.50304807,63.46513414,pigeonpeas,45
474,20.43517772,39.37252634,pigeonpeas,45
475,36.00415838,56.01334416,pigeonpeas,45
476,31.46846241,35.39454002,pigeonpeas,45
477,36.30049702,56.03021253,pigeonpeas,45
478,29.49096726,67.10604388,pigeonpeas,45
479,30.5753044,34.75591197,pigeonpeas,45
480,24.69487673,59.96669215,pigeonpeas,45
481,23.17409556,36.67847052,pigeonpeas,45
482,19.04380471,33.10695144,pigeonpeas,45
483,29.32379604,45.93248374,pigeonpeas,45
484,34.6455408,54.32342534,pigeonpeas,45
485,21.9989826,56.31006755,pigeonpeas,45
486,22.99774444,60.24218572,pigeonpeas,45
487,30.55992394,35.29006485,pigeonpeas,45
488,31.46417866,48.17631461,pigeonpeas,45
489,25.95058595,40.58227261,pigeonpeas,45
490,21.01142393,69.69141302,pigeonpeas,45
491,19.25100056,47.70351758,pigeonpeas,45
492,19.24462755,50.54495302,pigeonpeas,45
493,22.47253208,62.56532471,pigeonpeas,45
494,36.75087487,58.25799145,pigeonpeas,45
495,29.89286629,66.35375127,pigeonpeas,45
496,29.37735586,44.82294584,pigeonpeas,45
497,29.65052947,42.89833235,pigeonpeas,45
498,19.54284889,66.34777265,pigeonpeas,45
499,20.04611791,48.93905624,pigeonpeas,45
500,27.91095209,64.70930606,mothbeans,30
501,27.32220619,51.27868781,mothbeans,30
502,28.66024187,59.3189118,mothbeans,30
503,29.02955344,61.09387478,mothbeans,30
504,27.78031515,54.65030015,mothbeans,30
505,31.99928579,54.1077461,mothbeans,30
506,27.33580911,55.27755933,mothbeans,30
507,28.92952635,53.57014709,mothbeans,30
508,27.65472156,58.59986279,mothbeans,30
509,28.52396666,55.77264351,mothbeans,30
510,31.02215872,45.89239456,mothbeans,30
511,25.74095321,45.38497051,mothbeans,30
512,31.70447482,56.85420099,mothbeans,30
513,24.47876451,58.51663927,mothbeans,30
514,31.46511256,51.79939437,mothbeans,30
515,25.60973447,50.7330069,mothbeans,30
516,30.30260453,47.18283631,mothbeans,30
517,28.17489437,43.6672299,mothbeans,30
518,25.50634557,44.8302551,mothbeans,30
519,31.12896766,43.58788762,mothbeans,30
520,26.34043268,55.59160391,mothbeans,30
521,28.23494706,61.5620517,mothbeans,30
522,27.04453473,49.32609633,mothbeans,30
523,25.16125354,55.25435777,mothbeans,30
524,27.3179125,51.66921088,mothbeans,30
525,25.4123765,49.66474269,mothbeans,30
526,31.21629982,46.01868196,mothbeans,30
527,30.573999,58.22686794,mothbeans,30
528,25.42517036,53.22082660000001,mothbeans,30
529,27.09400578,43.65305437,mothbeans,30
530,24.30935081,56.32938343,mothbeans,30
531,30.06142622,45.90067655,mothbeans,30
532,28.09568993,60.98353839999999,mothbeans,30
533,26.33908791,40.00933429,mothbeans,30
534,28.61409059,57.14218792,mothbeans,30
535,28.70012137,44.359648,mothbeans,30
536,24.21610338,59.79236306,mothbeans,30
537,28.50677929,45.20094476,mothbeans,30
538,25.97948991,64.95585424,mothbeans,30
539,30.88482722,41.36561835,mothbeans,30
540,25.5042419,61.66852372,mothbeans,30
541,25.12528913,51.33189406,mothbeans,30
542,27.10508014,63.56791363,mothbeans,30
543,31.1006247,44.82069159,mothbeans,30
544,26.45707778,56.40226277,mothbeans,30
545,30.04132304,63.56222995,mothbeans,30
546,27.77799528,54.82130787,mothbeans,30
547,30.99256944,43.02151392,mothbeans,30
548,26.4908332,47.36534833,mothbeans,30
549,31.96987867,57.17377029,mothbeans,30
550,25.36140526,46.82652785,mothbeans,30
551,25.54249137,56.96640758,mothbeans,30
552,28.99319096,62.85948245,mothbeans,30
553,29.34317422,60.50320928,mothbeans,30
554,28.63618921,61.39451307,mothbeans,30
555,24.83206631,44.17085032,mothbeans,30
556,25.44689075,58.55363573,mothbeans,30
557,31.01274943,62.40392519,mothbeans,30
558,27.06179658,52.3003173,mothbeans,30
559,27.0956288,42.26206161,mothbeans,30
560,28.56800579,57.30636014,mothbeans,30
561,28.79929247,49.84213387,mothbeans,30
562,27.94293692,45.41393636,mothbeans,30
563,30.47757686,61.58245338,mothbeans,30
564,30.58139475,50.77148138,mothbeans,30
565,26.85911286,41.81420849,mothbeans,30
566,26.31051759,61.18749126,mothbeans,30
567,28.77833449,44.2252605,mothbeans,30
568,28.90245417,43.35365671,mothbeans,30
569,29.37687468,57.69622912,mothbeans,30
570,24.17093241,58.25204566,mothbeans,30
571,26.65333029,59.79023382,mothbeans,30
572,28.19912143,53.50567601,mothbeans,30
573,28.76488954,52.62741529,mothbeans,30
574,29.3499706,61.25353851,mothbeans,30
575,28.00937423,52.60950014,mothbeans,30
576,26.85851927,48.8246387,mothbeans,30
577,31.2123945,40.92604945,mothbeans,30
578,24.20422636,61.43378674,mothbeans,30
579,29.98835437,49.60384796,mothbeans,30
580,29.93964907,54.61813464,mothbeans,30
581,31.2119298,41.55934359,mothbeans,30
582,26.80474415,48.23991436,mothbeans,30
583,31.49398069,62.84916863,mothbeans,30
584,30.99694676,46.42693735,mothbeans,30
585,29.61253065,63.04749127,mothbeans,30
586,29.97604322,57.03184356,mothbeans,30
587,30.88883074,52.62696801,mothbeans,30
588,30.39321309,60.16299493,mothbeans,30
589,30.43683729,55.20522037,mothbeans,30
590,25.32688786,63.18180319,mothbeans,30
591,30.53684308,59.96664731,mothbeans,30
592,30.38257873,40.5926071,mothbeans,30
593,24.01825377,53.76623369,mothbeans,30
594,28.69841277,61.14754363,mothbeans,30
595,29.33743412,49.00323081,mothbeans,30
596,27.96583691,61.34900107,mothbeans,30
597,24.86803974,48.27531965,mothbeans,30
598,25.87682261,45.96341933,mothbeans,30
599,31.01963639,49.97675220000001,mothbeans,30
600,27.43329405,87.80507732,mungbean,80
601,28.3340432,80.77275974,mungbean,80
602,27.01470397,84.34262707,mungbean,80
603,28.17432665,81.04554836,mungbean,80
604,29.87888063,87.32761241,mungbean,80
605,29.89232778,89.71503316,mungbean,80
606,28.56212158,83.24855855,mungbean,80
607,27.53592929,85.57019009999998,mungbean,80
608,29.68361658,87.93598094,mungbean,80
609,28.14448546,82.1193047,mungbean,80
610,29.53037621,86.73346018,mungbean,80
611,27.88352946,86.45147631,mungbean,80
612,28.22471276,82.35916228,mungbean,80
613,29.008124,84.96089355,mungbean,80
614,29.75538903,86.45193297,mungbean,80
615,29.78416743,85.16906976,mungbean,80
616,27.8640132,80.4513142,mungbean,80
617,27.11026483,84.96771717,mungbean,80
618,27.11030369,83.64274107,mungbean,80
619,28.95451232,89.07866095,mungbean,80
620,29.21780035,87.93724219,mungbean,80
621,28.7420098,85.81675947,mungbean,80
622,29.65021184,80.29868321,mungbean,80
623,27.23924995,86.404241,mungbean,80
624,28.95172351,81.67085323,mungbean,80
625,28.18837136,82.60629652,mungbean,80
626,28.30041493,86.20681554,mungbean,80
627,27.89636126,88.71782287,mungbean,80
628,28.6899851,87.50436797,mungbean,80
629,27.826262300000003,88.73100226,mungbean,80
630,28.70562673,81.59200689,mungbean,80
631,28.6362812,84.61431076,mungbean,80
632,28.28511547,88.4393979,mungbean,80
633,27.60887393,86.13316408,mungbean,80
634,28.60901145,86.99495766,mungbean,80
635,29.24598976,84.80084105,mungbean,80
636,28.62911222,89.11480590000002,mungbean,80
637,29.57329479,88.07505524,mungbean,80
638,27.82684262,87.16679147,mungbean,80
639,29.8757015,83.14796296,mungbean,80
640,27.33684386,88.50229102,mungbean,80
641,29.83040388,89.30428305,mungbean,80
642,28.2753171,82.76020821,mungbean,80
643,29.86860065,85.99127934,mungbean,80
644,29.5888162,89.9939693,mungbean,80
645,28.07219563,82.9116472,mungbean,80
646,27.84026517,89.99615558,mungbean,80
647,27.10818093,87.45126690000002,mungbean,80
648,27.68515114,81.94268594,mungbean,80
649,29.34594634,85.60472562,mungbean,80
650,28.36319404,84.8593608,mungbean,80
651,27.65280218,89.80650642,mungbean,80
652,27.31372793,85.44815232,mungbean,80
653,27.06909959,86.89934108,mungbean,80
654,28.06642822,85.91625451,mungbean,80
655,27.73329078,81.13903037,mungbean,80
656,27.53632932,89.92908171,mungbean,80
657,29.66461594,84.28187572,mungbean,80
658,29.914544300000006,85.85384444,mungbean,80
659,28.36363858,87.59810657,mungbean,80
660,29.46416042,87.60890009,mungbean,80
661,29.73013036,82.89166381,mungbean,80
662,27.46852989,87.17649,mungbean,80
663,27.77076285,87.09979549,mungbean,80
664,29.12939524,88.48312598,mungbean,80
665,27.10606808,89.89593328,mungbean,80
666,28.88078945,86.94206817,mungbean,80
667,28.14720892,83.8001509,mungbean,80
668,29.89129144,80.14487166,mungbean,80
669,27.41503453,80.98004661,mungbean,80
670,29.27308605,89.4875022,mungbean,80
671,29.65296893,88.48587386,mungbean,80
672,28.44524991,82.67639542,mungbean,80
673,27.96235681,83.97586797,mungbean,80
674,29.25649321,81.97952224,mungbean,80
675,28.36291385,88.00989267,mungbean,80
676,27.62749466,86.49366929,mungbean,80
677,28.66086349,86.12194568,mungbean,80
678,29.2114218,87.11497805,mungbean,80
679,29.40889385,86.16063492,mungbean,80
680,28.02952623,84.8845732,mungbean,80
681,28.08657178,80.35005927,mungbean,80
682,29.16174608,80.28038146,mungbean,80
683,29.8596912,80.03499648,mungbean,80
684,29.06631494,83.6869203,mungbean,80
685,27.38538997,88.66663953,mungbean,80
686,27.93034941,85.42058715,mungbean,80
687,29.2808618,81.8009244,mungbean,80
688,28.9973145,83.78911515,mungbean,80
689,27.92678579,86.5543196,mungbean,80
690,28.5474135,88.9570454,mungbean,80
691,29.36488409,89.1886954,mungbean,80
692,28.56149805,83.63802195,mungbean,80
693,28.43683487,87.91332682,mungbean,80
694,28.79728147,80.45744422,mungbean,80
695,28.7275267,89.12760359,mungbean,80
696,27.95639663,83.52706038,mungbean,80
697,28.17458662,83.69659318,mungbean,80
698,28.77653519,86.69133979,mungbean,80
699,28.438097,83.48991368,mungbean,80
700,29.48439992,63.19915325,blackgram,60
701,26.73433965,68.13999721,blackgram,60
702,26.27274407,62.28814857,blackgram,60
703,34.03679184,67.21113844,blackgram,60
704,28.03644051,65.06601664,blackgram,60
705,28.81460716,65.33538112,blackgram,60
706,34.03619494,64.28791388,blackgram,60
707,33.8642935,61.57072498,blackgram,60
708,32.84213012,68.68401492,blackgram,60
709,27.10053268,63.36085585,blackgram,60
710,25.65842532,61.18235808,blackgram,60
711,32.34744009,66.61452812,blackgram,60
712,29.58949031,68.32176769,blackgram,60
713,30.91219459,68.79427388,blackgram,60
714,28.12787838,64.2097765,blackgram,60
715,30.08545364,69.34811988,blackgram,60
716,31.74379487,62.51007687,blackgram,60
717,27.81326852,62.50460464,blackgram,60
718,32.88733849,64.59457409,blackgram,60
719,29.36358721,64.98742947,blackgram,60
720,27.82592799,67.58618829999999,blackgram,60
721,28.49538735,60.44848407,blackgram,60
722,27.74274761,68.53997144,blackgram,60
723,30.41588462,67.66323804,blackgram,60
724,27.3254209,69.09047809,blackgram,60
725,30.28496619,61.69295127,blackgram,60
726,28.56840626,61.53278622,blackgram,60
727,25.36586097,66.6379724,blackgram,60
728,34.9466155,65.26774011,blackgram,60
729,25.09737391,67.72837887,blackgram,60
730,32.47648301,64.34848735,blackgram,60
731,33.86351172,68.59232289,blackgram,60
732,25.19857725,60.37332688,blackgram,60
733,31.77681682,69.01852894,blackgram,60
734,34.89814946,63.59948557,blackgram,60
735,31.74105409,68.63525428,blackgram,60
736,27.16159076,66.76017239,blackgram,60
737,26.23773129,67.88521396,blackgram,60
738,30.20157245,60.06534859,blackgram,60
739,31.55846339,67.83563765,blackgram,60
740,29.67892453,69.0854554,blackgram,60
741,27.05365239,67.7017527,blackgram,60
742,34.63880966,61.38597868,blackgram,60
743,33.39438752,62.93692886,blackgram,60
744,28.84079155,63.37230676,blackgram,60
745,31.49338309,63.0563645,blackgram,60
746,25.54960633,63.95425534,blackgram,60
747,34.37329112,69.69366426,blackgram,60
748,34.600824700000004,63.11296779,blackgram,60
749,29.43463808,64.94329356,blackgram,60
750,29.10713092,67.90577375,blackgram,60
751,28.57006111,65.71765781,blackgram,60
752,27.54384835,69.3478631,blackgram,60
753,33.04687968,68.93875631,blackgram,60
754,33.95309131,69.96100028,blackgram,60
755,30.11873003,60.11680815,blackgram,60
756,29.57812712,66.17587668,blackgram,60
757,27.26458947,68.01232937,blackgram,60
758,31.35730791,64.24992106,blackgram,60
759,31.52104732,66.55723677,blackgram,60
760,29.39982732,64.25510719,blackgram,60
761,29.38400259,64.14928485,blackgram,60
762,28.38686534,61.88871127,blackgram,60
763,28.47442276,63.53604453,blackgram,60
764,30.64095781,61.14508627,blackgram,60
765,25.25596239,61.36669662,blackgram,60
766,32.97030511,60.18122078,blackgram,60
767,33.66855394,66.60416867,blackgram,60
768,32.83963757,67.99803573,blackgram,60
769,27.45853567,62.90020977,blackgram,60
770,25.68576704,69.84354028,blackgram,60
771,30.0328403,64.14800537,blackgram,60
772,28.20667264,68.27085245,blackgram,60
773,28.27265858,61.18956161,blackgram,60
774,28.541723600000005,64.2020154,blackgram,60
775,26.87187036,61.61367264,blackgram,60
776,32.79766751,68.77994074,blackgram,60
777,26.42333018,64.51136845,blackgram,60
778,29.79181107,63.38789228,blackgram,60
779,27.44003279,67.10464369,blackgram,60
780,34.1262979,65.14877461,blackgram,60
781,30.94908189,64.23364112,blackgram,60
782,28.75751783,61.02701476,blackgram,60
783,27.24766491,66.10123083,blackgram,60
784,28.63005477,66.770943,blackgram,60
785,26.41768321,63.64698302,blackgram,60
786,32.81705216,66.15665137,blackgram,60
787,29.6321052,65.91359954,blackgram,60
788,33.49077065,62.73317204,blackgram,60
789,31.86847286,66.74217464,blackgram,60
790,30.32992227,65.62971858,blackgram,60
791,28.546224,66.31394098,blackgram,60
792,30.02629908,67.88811637,blackgram,60
793,31.65531175,60.13263713,blackgram,60
794,30.33499674,63.54718862,blackgram,60
795,33.36984395,65.67718163,blackgram,60
796,31.4345059,62.99303471,blackgram,60
797,27.71678273,63.29103387,blackgram,60
798,32.63918668,61.3009051,blackgram,60
799,32.7477393,67.77954584,blackgram,60
800,28.05153602,63.49802189,lentil,90
801,19.44084326,63.27771461,lentil,90
802,29.84823072,60.63872613,lentil,90
803,21.36383757,69.92375891,lentil,90
804,26.28663931,68.51966729,lentil,90
805,22.17499963,62.13873825,lentil,90
806,26.57597546,60.97876599,lentil,90
807,26.58972517,66.14007674,lentil,90
808,19.1345771,62.57526895,lentil,90
809,28.75273118,69.15640149,lentil,90
810,25.78746268,60.2816298,lentil,90
811,23.89271875,61.78779413,lentil,90
812,28.67408774,63.18832976,lentil,90
813,28.42062847,61.77336343,lentil,90
814,21.35499456,62.60136323,lentil,90
815,21.12695586,63.18738532,lentil,90
816,24.02037872,61.62313345,lentil,90
817,25.40474421,65.8567539,lentil,90
818,29.03017561,64.49166566,lentil,90
819,20.21368219,68.65257685,lentil,90
820,29.19585548,68.01965728,lentil,90
821,18.29783597,69.6897615,lentil,90
822,27.41434987,63.41785982,lentil,90
823,24.84063998,60.09116626,lentil,90
824,29.94413861,67.31323084,lentil,90
825,25.87990287,67.55109024,lentil,90
826,20.0467711,65.84395319,lentil,90
827,22.99451999,66.70897237,lentil,90
828,25.13163619,66.92642362,lentil,90
829,28.49584395,62.44616219,lentil,90
830,18.28766124,69.48515056,lentil,90
831,24.38041875,61.18458224,lentil,90
832,21.31852148,66.43934593,lentil,90
833,18.54141834,62.70637578,lentil,90
834,25.28710601,60.85993533,lentil,90
835,25.43459777,69.12613376,lentil,90
836,28.83600962,69.76112921,lentil,90
837,27.37659643,63.93927841,lentil,90
838,28.31886863,60.19461399,lentil,90
839,27.4818649,62.04814951,lentil,90
840,18.28072173,68.10365387,lentil,90
841,27.61204997,69.29786244,lentil,90
842,23.43974653,63.22011726,lentil,90
843,20.95628486,63.68128841,lentil,90
844,23.7937153,68.03209183,lentil,90
845,22.6371424,65.44544859,lentil,90
846,21.53577883,65.47227704,lentil,90
847,29.87854588,65.73085206,lentil,90
848,25.2653291,67.10004577,lentil,90
849,25.17885316,68.93307305,lentil,90
850,24.12192608,61.09533545,lentil,90
851,23.33565221,67.40460704,lentil,90
852,21.74600081,63.39503184,lentil,90
853,27.60195453,63.46170674,lentil,90
854,24.388717,62.50453062,lentil,90
855,24.98287462,66.895409,lentil,90
856,28.234829,69.3159965,lentil,90
857,26.03026959,69.55863145,lentil,90
858,28.04849594,64.07691942,lentil,90
859,24.87425505,64.00213929,lentil,90
860,23.97081395,62.35557553,lentil,90
861,20.06003985,67.76252583,lentil,90
862,19.59221047,61.28633405,lentil,90
863,29.77013109,66.29327012,lentil,90
864,27.52135365,60.53657684,lentil,90
865,25.62896213,63.14909763,lentil,90
866,20.39078312,60.47528931,lentil,90
867,25.39038396,60.4989659,lentil,90
868,24.91079638,60.71367427,lentil,90
869,27.70496805,63.20915034,lentil,90
870,18.06486101,65.1034354,lentil,90
871,18.13027797,62.45851612,lentil,90
872,23.82723528,67.89815262,lentil,90
873,23.19305333,62.74710773,lentil,90
874,25.08966129,68.17543102,lentil,90
875,25.86928193,61.88321072,lentil,90
876,18.43966037,68.05394959,lentil,90
877,27.14911056,67.02664337,lentil,90
878,23.33375853,64.50515776,lentil,90
879,26.7230014,62.96841833,lentil,90
880,19.55750776,64.45268309,lentil,90
881,26.13708256,66.7729209,lentil,90
882,27.99990346,65.57653373,lentil,90
883,29.05941162,62.10652364,lentil,90
884,25.71269843,64.1123333,lentil,90
885,21.79792649,63.73086065,lentil,90
886,24.70626432,60.26854183,lentil,90
887,20.94981756,65.8108757,lentil,90
888,24.84918386,68.98088448,lentil,90
889,21.91041045,65.21662467,lentil,90
890,25.93381964,68.70533022,lentil,90
891,29.82112112,69.4073209,lentil,90
892,27.52185591,63.13215259,lentil,90
893,27.99627907,68.6428593,lentil,90
894,20.76774783,63.90164154,lentil,90
895,23.05276444,60.424786,lentil,90
896,21.65845777,63.58337146,lentil,90
897,26.25070298,67.62779652,lentil,90
898,20.97195263,63.83179889,lentil,90
899,23.89736406,66.32102048,lentil,90
900,24.55981624,91.63536236,pomegranate,30
901,19.65690085,89.93701023,pomegranate,30
902,18.78359608,87.4024767,pomegranate,30
903,24.1469628,94.5110662,pomegranate,30
904,22.44581266,89.90147027,pomegranate,30
905,24.96273236,92.40501423,pomegranate,30
906,22.5526059,89.32594859999998,pomegranate,30
907,22.77035608,91.45498527,pomegranate,30
908,19.20090378,94.27659596,pomegranate,30
909,23.12808226,92.68328358,pomegranate,30
910,24.92639065,85.19098079,pomegranate,30
911,24.77464458,85.63608688,pomegranate,30
912,19.8671184,86.35590206,pomegranate,30
913,24.26601316,93.7974061,pomegranate,30
914,23.62600218,89.73266695,pomegranate,30
915,19.67832052,89.08935702,pomegranate,30
916,22.36509395,92.30882391,pomegranate,30
917,21.57936934,94.88267728,pomegranate,30
918,18.26233221,88.16779129,pomegranate,30
919,23.71028128,89.61794165,pomegranate,30
920,22.48720144,89.9224883,pomegranate,30
921,21.66024980000001,94.79397419,pomegranate,30
922,20.13037175,89.31505137,pomegranate,30
923,18.41164435,91.11927248,pomegranate,30
924,19.68291173,89.75272999,pomegranate,30
925,23.20242586,91.19442671,pomegranate,30
926,18.92157197,87.31290342,pomegranate,30
927,22.10621387,91.34039616,pomegranate,30
928,18.47412402,89.68919664,pomegranate,30
929,19.81069447,88.92944254,pomegranate,30
930,24.4880844,90.83687246,pomegranate,30
931,18.75927679,89.93457597,pomegranate,30
932,19.54128063,90.29751796,pomegranate,30
933,18.91251245,87.74938524,pomegranate,30
934,19.91330523,94.95031368,pomegranate,30
935,19.72620525,89.64934166,pomegranate,30
936,23.83185873,87.84034604,pomegranate,30
937,24.94467632,94.25702672,pomegranate,30
938,24.692258,93.87030088,pomegranate,30
939,24.72485577,85.56083187,pomegranate,30
940,20.12644921,87.59629625,pomegranate,30
941,21.02432943,93.0569505,pomegranate,30
942,22.40423537,88.1508343,pomegranate,30
943,20.33691147,89.38003827,pomegranate,30
944,24.24779615,85.56033312,pomegranate,30
945,24.81530144,91.90842992,pomegranate,30
946,19.66329768,87.95158129,pomegranate,30
947,22.43377991,90.3396556,pomegranate,30
948,22.92052307,85.12912161,pomegranate,30
949,22.91843172,85.40695044,pomegranate,30
950,24.88244467,89.39686219,pomegranate,30
951,23.40981539,93.13277,pomegranate,30
952,21.20725375,94.26304717,pomegranate,30
953,18.20230419,91.12282162,pomegranate,30
954,22.34375696,89.7870345,pomegranate,30
955,24.32770134,90.88292835,pomegranate,30
956,19.75088482,88.71691157,pomegranate,30
957,19.86173586,86.19740917,pomegranate,30
958,18.07132963,93.14554876,pomegranate,30
959,23.89162561,89.61850203,pomegranate,30
960,23.98598756,93.34236582,pomegranate,30
961,20.93892916,85.42912869,pomegranate,30
962,20.82210727,87.22815682,pomegranate,30
963,20.86474944,91.61793636,pomegranate,30
964,24.45840036,86.10874614,pomegranate,30
965,24.51147697,90.64498715,pomegranate,30
966,24.56811204,92.03009222,pomegranate,30
967,24.63228709,89.01574455,pomegranate,30
968,20.07386547,90.97819712,pomegranate,30
969,21.80523051,94.63612858,pomegranate,30
970,22.8122645,86.34233767,pomegranate,30
971,22.73031253,88.48567856,pomegranate,30
972,23.2801227,94.94330457,pomegranate,30
973,19.30106297,87.1775172,pomegranate,30
974,19.0087067,88.83768149,pomegranate,30
975,24.35193812,90.88612388,pomegranate,30
976,24.72235539,88.87651295,pomegranate,30
977,21.92513945,94.46485312,pomegranate,30
978,24.83954414,86.88738076,pomegranate,30
979,18.09691127,90.42177379,pomegranate,30
980,20.24104904,91.08706822,pomegranate,30
981,23.22594,94.42971362,pomegranate,30
982,23.50128217,92.97527546,pomegranate,30
983,19.44623085,89.02127045,pomegranate,30
984,20.51343484,92.51675903,pomegranate,30
985,18.90223032,94.99897537,pomegranate,30
986,18.90592319,89.24126808,pomegranate,30
987,22.63045168,88.45577158,pomegranate,30
988,19.38603815,86.79058496,pomegranate,30
989,24.38318965,91.19431555,pomegranate,30
990,23.77989026,92.93386903,pomegranate,30
991,22.59890174,93.16343942,pomegranate,30
992,24.37766782,85.4017118,pomegranate,30
993,20.89273273,91.07776977,pomegranate,30
994,18.09903225,85.70786282,pomegranate,30
995,20.00218987,85.83618191,pomegranate,30
996,19.85139326,89.80732335,pomegranate,30
997,21.25433607,92.65058936,pomegranate,30
998,23.65374106,93.32657504,pomegranate,30
999,23.88404783,86.20613842,pomegranate,30
1000,29.36792366,76.24900101,banana,40
1001,27.33368994,83.67675197,banana,40
1002,27.40053601,82.96221306,banana,40
1003,29.3159075,80.11585705,banana,40
1004,26.05433004,79.39654531,banana,40
1005,25.86632408,84.42379269,banana,40
1006,27.00932084,80.18546798,banana,40
1007,29.55054817,78.06762846,banana,40
1008,26.28845991,83.390039,banana,40
1009,29.16226551,76.16151562,banana,40
1010,28.65003945,82.68752542,banana,40
1011,29.07311132,76.50045221,banana,40
1012,28.08166093,75.26429821,banana,40
1013,27.1994597,78.80860679999998,banana,40
1014,28.05484146,78.04602887,banana,40
1015,25.14748006,83.34688193,banana,40
1016,25.94019018,78.3422098,banana,40
1017,27.66752761,79.68542782,banana,40
1018,25.56703012,75.94067692,banana,40
1019,28.6956201,82.54195839,banana,40
1020,26.33544853,76.8532006,banana,40
1021,25.93730186,78.89864446,banana,40
1022,25.13686519,84.88394407,banana,40
1023,27.50527651,80.79783998,banana,40
1024,26.21009246,82.34429458,banana,40
1025,29.10403455,79.19588629,banana,40
1026,29.244063800000006,77.32017166,banana,40
1027,25.56202173,77.38229006,banana,40
1028,26.3985515,81.36028902,banana,40
1029,28.09577643,77.79586769,banana,40
1030,27.84767901,83.31110751,banana,40
1031,27.39341554,81.4654833,banana,40
1032,25.14517635,81.38204104,banana,40
1033,28.65456263,79.28693687,banana,40
1034,29.16093424,76.67484233,banana,40
1035,27.57278064,82.0638878,banana,40
1036,25.40909896,82.36208097,banana,40
1037,25.99069521,83.33983116,banana,40
1038,26.29039046,81.06003778,banana,40
1039,29.14827211,78.71024836,banana,40
1040,26.59743595,79.35898915,banana,40
1041,25.36059237,75.03193255,banana,40
1042,29.12036889,80.18080728,banana,40
1043,27.53911354,77.25629897,banana,40
1044,29.66727337,83.51014178,banana,40
1045,25.05802193,84.97323747,banana,40
1046,25.86824781,78.52399914,banana,40
1047,25.85036988,81.95580471,banana,40
1048,26.51682337,77.79913575,banana,40
1049,28.66725136,79.59242542,banana,40
1050,28.14938935,81.54448882,banana,40
1051,26.42313317,83.69950440000002,banana,40
1052,26.59386409,81.40740301,banana,40
1053,27.71822477,76.57853189,banana,40
1054,28.98333432,82.95958244,banana,40
1055,29.42017919,83.96754496,banana,40
1056,27.39872329,81.10523402,banana,40
1057,26.4020227,84.41007614,banana,40
1058,27.81251452,82.69285419,banana,40
1059,25.19640218,83.55829874,banana,40
1060,28.31193338,75.77363772,banana,40
1061,25.90113128,80.47152737,banana,40
1062,27.48612983,76.11239849,banana,40
1063,29.38254012,83.50423735,banana,40
1064,29.22118628,81.08183635,banana,40
1065,27.09062164,81.33506906,banana,40
1066,26.12643374,81.81365007,banana,40
1067,29.01207743,77.95192527,banana,40
1068,27.96799119,79.28625709,banana,40
1069,28.0764455,76.05522115,banana,40
1070,25.16278237,84.97849241,banana,40
1071,25.78749808,84.51194224,banana,40
1072,25.34119774,84.47321314,banana,40
1073,29.44795403,78.34971537,banana,40
1074,26.47522633,78.51833782,banana,40
1075,27.39489579,83.31172003,banana,40
1076,25.08347445,80.26173100000003,banana,40
1077,26.671983500000003,76.48541655,banana,40
1078,25.44926208,79.49221962,banana,40
1079,28.22776705,80.64303840000002,banana,40
1080,28.127950899999995,77.48247073,banana,40
1081,28.9470467,82.1888998,banana,40
1082,27.96236771,84.15403614,banana,40
1083,28.00316034,78.90085998,banana,40
1084,29.1400919,80.1190228,banana,40
1085,27.9122104,83.36307683,banana,40
1086,25.43480512,81.53977797,banana,40
1087,28.55980972,84.51602322,banana,40
1088,26.59580783,82.99556744,banana,40
1089,27.19711623,77.39706290000002,banana,40
1090,25.29391516,79.29122198,banana,40
1091,29.90888522,76.98740841,banana,40
1092,27.94972463,76.63713353,banana,40
1093,25.01018457,78.76260938,banana,40
1094,29.21144871,84.70189923,banana,40
1095,27.35911627,84.54625006,banana,40
1096,28.0106804,76.52808057,banana,40
1097,28.67208915,82.20793613,banana,40
1098,27.34585147,78.48738349999998,banana,40
1099,29.50704598,78.20585613,banana,40
1100,29.73770045,47.54885174,mango,15
1101,33.55695561,53.72979826,mango,15
1102,27.00315545,47.67525434,mango,15
1103,33.56150184,45.53556603,mango,15
1104,35.89855625,54.25964196,mango,15
1105,34.17719782,50.62161586,mango,15
1106,30.01592643,53.19212381,mango,15
1107,31.74592134,45.16127859,mango,15
1108,35.99009679,52.22780489,mango,15
1109,31.86641378,52.19331595,mango,15
1110,27.75518664,52.34605806,mango,15
1111,34.72413192,51.4271781,mango,15
1112,27.53907547,53.63549533,mango,15
1113,27.69637763,48.56224879999999,mango,15
1114,27.25373364,52.66319725,mango,15
1115,30.33723921,48.88704844,mango,15
1116,31.85744939,45.53106268,mango,15
1117,35.39986338,49.45962621,mango,15
1118,29.80747243,52.13797867,mango,15
1119,34.16438906,54.16482251,mango,15
1120,28.93270187,47.94053996,mango,15
1121,27.98392787,53.33018851,mango,15
1122,31.20478173,54.49960506,mango,15
1123,32.13409675,50.52559148,mango,15
1124,28.91862016,48.13974548,mango,15
1125,31.09779147,47.41196659,mango,15
1126,34.73823882,49.08864345,mango,15
1127,29.98080499,49.48613279,mango,15
1128,33.80398664,46.12866113,mango,15
1129,30.07202564,50.96040505,mango,15
1130,27.92063282,51.77965917,mango,15
1131,31.40948821,49.21729127,mango,15
1132,35.7877738,51.94190321,mango,15
1133,33.36140093,45.02236377,mango,15
1134,35.96054636,48.69677802,mango,15
1135,28.33333307,51.39586505,mango,15
1136,32.27652024,50.19368841,mango,15
1137,31.99490489,50.84881347,mango,15
1138,27.58258929,48.56916221,mango,15
1139,29.38471637,45.88744691,mango,15
1140,32.38697531,53.2328243,mango,15
1141,30.91471455,49.92963856,mango,15
1142,35.37775595,45.58110023,mango,15
1143,32.32362177,52.58967710000001,mango,15
1144,28.22373428,47.40519056,mango,15
1145,27.27433181,47.16808054,mango,15
1146,27.10710832,50.70880979,mango,15
1147,34.89226666,48.75613373,mango,15
1148,33.7462686,48.50387598,mango,15
1149,27.351105600000004,54.43945147,mango,15
1150,32.89300162,52.61323969,mango,15
1151,35.38598705,51.42664176,mango,15
1152,27.552973600000005,47.90859131,mango,15
1153,32.82141065,47.45553843,mango,15
1154,30.17294105,51.0845903,mango,15
1155,29.26382931,54.82257868,mango,15
1156,32.06097197,51.08494181,mango,15
1157,28.69818144,47.71875722,mango,15
1158,29.14305008,49.40983294,mango,15
1159,28.347161100000005,53.53903102,mango,15
1160,27.67256197,45.41692012,mango,15
1161,28.1218093,46.16888595,mango,15
1162,30.79375683,46.69536813,mango,15
1163,28.89409382,54.80750249,mango,15
1164,33.33024826,45.61143594,mango,15
1165,27.78912455,53.96886679,mango,15
1166,31.65333432,48.20662669,mango,15
1167,29.75150773,46.73723302,mango,15
1168,31.32995611,50.22287593,mango,15
1169,35.63627319,48.97047762,mango,15
1170,31.66524687,51.98594645,mango,15
1171,32.26935342,53.56092806,mango,15
1172,27.81005614,51.59445462,mango,15
1173,34.58561471,50.34035336,mango,15
1174,31.27180992,52.23810152,mango,15
1175,33.93679864,52.72170281,mango,15
1176,31.09154239,47.02058367,mango,15
1177,31.89356292,49.02450149,mango,15
1178,32.45465292,50.69693751,mango,15
1179,35.47478322,47.97230503,mango,15
1180,27.32961444,49.30347234,mango,15
1181,30.90225239,49.95955487,mango,15
1182,29.09382275,45.5661059,mango,15
1183,30.02086169,46.78393776,mango,15
1184,34.13072188,51.25786185,mango,15
1185,33.44619894,53.05980465,mango,15
1186,35.3915464,52.48823147,mango,15
1187,31.53356352,53.06009323,mango,15
1188,30.764551500000003,47.93791463,mango,15
1189,30.01821337,50.09831810000001,mango,15
1190,31.32863689,47.59319575,mango,15
1191,33.88004781,54.39416048,mango,15
1192,28.07802689,54.9640534,mango,15
1193,35.53845018,52.94641947,mango,15
1194,28.70595247,50.44030129,mango,15
1195,31.48451729,48.77926304,mango,15
1196,27.69819273,51.41593238,mango,15
1197,30.41235793,52.48100602,mango,15
1198,32.17752026,54.01352682,mango,15
1199,32.611261400000004,47.74916499,mango,15
1200,29.99677232,81.54156612,grapes,60
1201,30.7280404,82.42614055,grapes,60
1202,32.44577836,83.88504863,grapes,60
1203,37.46566825,80.65968681,grapes,60
1204,22.03296178,83.74372787,grapes,60
1205,39.64851881,82.21079946,grapes,60
1206,16.77557314,82.75241875,grapes,60
1207,12.14190714,83.56812483,grapes,60
1208,12.7567962,81.62497448,grapes,60
1209,39.04071989,80.18393287,grapes,60
1210,39.70772192,82.68593454,grapes,60
1211,9.467960445,82.29335466,grapes,60
1212,29.58748357,80.91934392,grapes,60
1213,17.82803682,80.96093443,grapes,60
1214,8.825674745,82.89753705,grapes,60
1215,27.83487131,83.51444973,grapes,60
1216,11.02105378,80.55557235,grapes,60
1217,17.5862944,80.84806564,grapes,60
1218,19.89363946,82.73366439,grapes,60
1219,29.93707596,81.77713468,grapes,60
1220,36.73126647,80.58931938,grapes,60
1221,20.42094753,81.54185044,grapes,60
1222,25.51939719,83.98351748,grapes,60
1223,30.50734778,82.71775569,grapes,60
1224,18.426993600000007,80.55625868,grapes,60
1225,12.087022,83.59398734,grapes,60
1226,23.60115364,82.48336987,grapes,60
1227,12.80000387,81.20876367,grapes,60
1228,38.06099482,82.24729637,grapes,60
1229,39.06555518,82.03812973,grapes,60
1230,33.78372897,81.16314317,grapes,60
1231,16.76201707,82.00335557,grapes,60
1232,35.89307536,82.66850729,grapes,60
1233,21.01245395,81.17931863,grapes,60
1234,10.89875873,80.01639435,grapes,60
1235,16.36251869,83.00471609,grapes,60
1236,20.28370163,81.32235739,grapes,60
1237,25.11108456,83.25447587,grapes,60
1238,33.4641162,83.86742974,grapes,60
1239,11.7976469,80.86325389,grapes,60
1240,11.36300891,80.03100049,grapes,60
1241,25.23542319,80.68700527,grapes,60
1242,15.99050693,81.23966573,grapes,60
1243,22.4359017,80.18612085,grapes,60
1244,34.76086052,81.03544763,grapes,60
1245,31.11047251,83.34010951,grapes,60
1246,28.57828803,80.95628959,grapes,60
1247,41.18664903,81.01783402,grapes,60
1248,27.02766138,83.17093908,grapes,60
1249,21.19339319,82.33098331,grapes,60
1250,10.38004759,83.44518113,grapes,60
1251,31.3115978,82.56407013,grapes,60
1252,20.46657776,80.97598029,grapes,60
1253,29.36947679,81.53996362,grapes,60
1254,10.72302459,80.02130636,grapes,60
1255,14.97846952,80.49979873,grapes,60
1256,15.3246651,81.67215994,grapes,60
1257,18.73932187,81.12109244,grapes,60
1258,19.3642553,83.36094029,grapes,60
1259,41.20733624,81.61051026,grapes,60
1260,33.34214482,82.51034633,grapes,60
1261,23.81995682,80.12211649,grapes,60
1262,40.66012294,81.24995984,grapes,60
1263,11.82768186,80.2827185,grapes,60
1264,13.28504331,83.54193816,grapes,60
1265,35.83089092,83.32560104,grapes,60
1266,26.18159716,81.03886263,grapes,60
1267,24.57558351,80.70695797,grapes,60
1268,29.67229086,83.71498986,grapes,60
1269,39.37102553,81.25353895,grapes,60
1270,17.66558428,82.92903419,grapes,60
1271,24.06679352,82.66396666,grapes,60
1272,15.31413469,80.09711412,grapes,60
1273,21.77466746,80.54942557,grapes,60
1274,26.91624843,80.76838926,grapes,60
1275,41.65602996,82.22118237,grapes,60
1276,17.98667801,81.17712085,grapes,60
1277,29.12033769,82.79092939,grapes,60
1278,34.38922481,83.18392806,grapes,60
1279,41.36106301,82.79782954,grapes,60
1280,35.12158265,82.26890793,grapes,60
1281,19.6491772,80.15215777,grapes,60
1282,16.27852801,82.94270065,grapes,60
1283,21.11903604,80.63399198,grapes,60
1284,19.2077707,82.90428409999998,grapes,60
1285,25.96308415,82.57813624,grapes,60
1286,25.67385024,81.6212135,grapes,60
1287,41.94865736,81.15595212,grapes,60
1288,11.18994268,80.8084305,grapes,60
1289,17.5438296,82.94703302,grapes,60
1290,13.05809741,80.28297993,grapes,60
1291,9.724457611,83.74765639,grapes,60
1292,27.92004934,82.93262435,grapes,60
1293,9.535585543,80.73112694,grapes,60
1294,13.42988625,80.06633966,grapes,60
1295,9.851242629,80.22631717,grapes,60
1296,24.97256132,82.72828653,grapes,60
1297,27.23708304,82.94573346,grapes,60
1298,18.70679077,83.4795292,grapes,60
1299,9.949929082,82.55138983,grapes,60
1300,26.47330219,80.92254421,watermelon,70
1301,25.18780042,83.44621709,watermelon,70
1302,25.29954705,81.77527562,watermelon,70
1303,24.74631269,88.30866319,watermelon,70
1304,26.58740671,81.32563243,watermelon,70
1305,24.53442564,88.989272,watermelon,70
1306,26.0713757,88.7285657,watermelon,70
1307,25.96534238,89.77076659,watermelon,70
1308,26.22338015,85.34866045,watermelon,70
1309,24.41311871,89.81574032,watermelon,70
1310,26.49195283,80.04678201,watermelon,70
1311,24.04355803,84.18406764,watermelon,70
1312,25.5421695,83.31883376,watermelon,70
1313,26.74550678,83.9195902,watermelon,70
1314,25.7131428,80.22972777,watermelon,70
1315,25.76484262,84.17269959999999,watermelon,70
1316,26.79489868,89.64815231,watermelon,70
1317,24.9004602,89.73524177,watermelon,70
1318,26.80750629,88.22874955,watermelon,70
1319,25.11189154,80.02621335,watermelon,70
1320,26.2148837,87.68839820000002,watermelon,70
1321,24.9103226,86.97190046,watermelon,70
1322,25.79448878,84.26830701,watermelon,70
1323,25.26931156,87.55055105,watermelon,70
1324,25.76402693,87.5931128,watermelon,70
1325,25.85483596,89.13163965,watermelon,70
1326,24.33528185,81.44030363,watermelon,70
1327,25.37601283,80.99313508,watermelon,70
1328,24.86094646,85.05318563,watermelon,70
1329,24.71885473,88.94568335,watermelon,70
1330,24.21495706,84.20576992,watermelon,70
1331,25.81692236,82.043255,watermelon,70
1332,24.47018505,84.16390229,watermelon,70
1333,24.13078816,84.84494575,watermelon,70
1334,26.1793464,86.52258079,watermelon,70
1335,26.17668721,86.72952049999998,watermelon,70
1336,26.03867719,84.6378378,watermelon,70
1337,26.53259325,82.39053979,watermelon,70
1338,26.81938687,87.8274604,watermelon,70
1339,25.50405534,81.40297428,watermelon,70
1340,26.20234499,80.38266489,watermelon,70
1341,25.13735887,89.28272716,watermelon,70
1342,25.92030221,83.47202566,watermelon,70
1343,26.6634609,89.98405233,watermelon,70
1344,24.06731461,81.64075303,watermelon,70
1345,24.6774157,82.75411437,watermelon,70
1346,26.11440416,87.64081095,watermelon,70
1347,26.81530456,87.65694462,watermelon,70
1348,25.15623099,80.27525115,watermelon,70
1349,25.2801372,83.15393658,watermelon,70
1350,26.22005978,80.90127035,watermelon,70
1351,24.92093261,80.61750795,watermelon,70
1352,26.21667586,81.01009354,watermelon,70
1353,26.81383586,87.21986949,watermelon,70
1354,24.31334971,87.47409052,watermelon,70
1355,24.29105004,88.04541346,watermelon,70
1356,24.42998931,86.33904774,watermelon,70
1357,25.66576039,88.6984228,watermelon,70
1358,25.07803672,83.46230461,watermelon,70
1359,24.88910524,85.87059083,watermelon,70
1360,25.42900869,82.91481799,watermelon,70
1361,24.37118217,87.1269128,watermelon,70
1362,26.493064500000006,88.59143088,watermelon,70
1363,25.83202912,89.00481725,watermelon,70
1364,24.41592661,89.39655519,watermelon,70
1365,24.37190239,81.2514818,watermelon,70
1366,24.24782473,83.03687902,watermelon,70
1367,24.64458469,85.49938185,watermelon,70
1368,24.89681131,86.10782926,watermelon,70
1369,25.41864024,81.12122989,watermelon,70
1370,26.26028739,86.14585891,watermelon,70
1371,24.90123934,87.20772913,watermelon,70
1372,24.84740848,89.20454622,watermelon,70
1373,26.98212846,86.70068316,watermelon,70
1374,26.90435747,86.25426228,watermelon,70
1375,25.86475496,86.67468041,watermelon,70
1376,26.70607759,81.14149505,watermelon,70
1377,26.44019475,80.91934337,watermelon,70
1378,26.283443,84.42478917,watermelon,70
1379,26.84366082,83.85039964,watermelon,70
1380,26.03967219,83.9862443,watermelon,70
1381,24.92994759,85.00802358,watermelon,70
1382,25.50736962,84.24340241,watermelon,70
1383,25.4438391,87.93923120000002,watermelon,70
1384,26.12588914,86.5507939,watermelon,70
1385,25.10474753,87.52676159999999,watermelon,70
1386,26.27520631,86.63249555,watermelon,70
1387,26.27061608,83.09194521,watermelon,70
1388,26.73690828,87.82430156,watermelon,70
1389,25.04746944,85.5667282,watermelon,70
1390,24.69368934,85.56967628,watermelon,70
1391,24.54356968,84.60808277,watermelon,70
1392,25.89762315,81.96664832,watermelon,70
1393,26.6333118,84.31756844,watermelon,70
1394,25.35794749,80.45846265,watermelon,70
1395,25.28784623,89.63667876,watermelon,70
1396,26.63838589,84.69546874,watermelon,70
1397,25.3310446,84.30533791,watermelon,70
1398,26.89750174,83.89241484,watermelon,70
1399,26.98603693,89.4138489,watermelon,70
1400,27.57826922,94.11878202,muskmelon,30
1401,27.82054812,93.03555162,muskmelon,30
1402,29.09910406,94.22237826,muskmelon,30
1403,28.04943594,90.83130708,muskmelon,30
1404,29.91690582,94.55695552,muskmelon,30
1405,29.86895762,93.25103208,muskmelon,30
1406,29.17220859,92.21405224,muskmelon,30
1407,29.24908541,90.06998135,muskmelon,30
1408,27.76317235,90.35567642,muskmelon,30
1409,28.82629037,94.26765349,muskmelon,30
1410,28.52379742,92.09688432,muskmelon,30
1411,29.06785065,90.97685539,muskmelon,30
1412,29.08417927,90.73891887,muskmelon,30
1413,28.47090661,94.79453182,muskmelon,30
1414,28.27973674,90.38971208,muskmelon,30
1415,28.47212559,91.21322065,muskmelon,30
1416,29.68846716,94.30111601,muskmelon,30
1417,27.02415146,91.66737633,muskmelon,30
1418,29.09588297,94.16748386,muskmelon,30
1419,29.69238699,92.58862544,muskmelon,30
1420,28.20619412,92.86798698,muskmelon,30
1421,29.05248036,93.92217834,muskmelon,30
1422,29.57240298,93.61870344,muskmelon,30
1423,29.10968327,92.43510994,muskmelon,30
1424,28.20480805,92.91440379,muskmelon,30
1425,29.11858526,92.12543021,muskmelon,30
1426,29.62800691,90.10051615,muskmelon,30
1427,29.81196601,90.36881284,muskmelon,30
1428,27.72338349,90.93897939,muskmelon,30
1429,29.26092798,92.92367701,muskmelon,30
1430,29.72791119,94.29753295,muskmelon,30
1431,28.91105641,90.78413842,muskmelon,30
1432,28.96361426,93.88482153,muskmelon,30
1433,28.59052369,91.33617236,muskmelon,30
1434,27.33897716,90.69759008,muskmelon,30
1435,29.90415889,90.75284363,muskmelon,30
1436,27.42711692,90.02696201,muskmelon,30
1437,29.55657523,90.70937262,muskmelon,30
1438,29.84070774,93.76312893,muskmelon,30
1439,28.53545677,91.72742702,muskmelon,30
1440,27.11535046,94.86907886,muskmelon,30
1441,27.84492803,91.60666594,muskmelon,30
1442,29.03157242,91.82172592,muskmelon,30
1443,27.82424457,90.56698742,muskmelon,30
1444,27.72653142,92.00687531,muskmelon,30
1445,28.69708334,94.30759855,muskmelon,30
1446,29.73019662,90.97015715,muskmelon,30
1447,29.54097171,92.91778307,muskmelon,30
1448,28.80311922,91.78336933,muskmelon,30
1449,27.29035669,90.53330091,muskmelon,30
1450,27.46583649,94.87679041,muskmelon,30
1451,29.49401389,94.72981338,muskmelon,30
1452,27.79161808,92.51054946,muskmelon,30
1453,29.12533739,91.52291141,muskmelon,30
1454,27.93114233,93.56161439,muskmelon,30
1455,29.45771748,92.12534736,muskmelon,30
1456,27.96872279,92.17444796,muskmelon,30
1457,29.48882958,91.07574233,muskmelon,30
1458,29.47156259,90.77069618,muskmelon,30
1459,27.076726500000003,90.14362622,muskmelon,30
1460,27.30008597,90.80015308,muskmelon,30
1461,29.82729394,90.79007335,muskmelon,30
1462,29.93061247,93.22980899,muskmelon,30
1463,29.94349168,93.90741192,muskmelon,30
1464,28.03306461,91.47355778,muskmelon,30
1465,29.8843055,94.0371147,muskmelon,30
1466,27.7058373,92.91185695,muskmelon,30
1467,29.78714005,94.65343534,muskmelon,30
1468,28.57819995,92.86597437,muskmelon,30
1469,29.48069921,90.33698678,muskmelon,30
1470,27.51492243,94.96218673,muskmelon,30
1471,28.05457761,94.81637388,muskmelon,30
1472,29.03167341,93.12603235,muskmelon,30
1473,28.5854649,91.89216849,muskmelon,30
1474,27.08808014,93.42402083,muskmelon,30
1475,27.99611732,90.84660317,muskmelon,30
1476,27.87317436,91.14849627,muskmelon,30
1477,28.96586565,90.71832938,muskmelon,30
1478,28.87726019,92.48839665,muskmelon,30
1479,29.17052093,94.19790371,muskmelon,30
1480,29.34033587,90.01506395,muskmelon,30
1481,29.07265321,91.91533173,muskmelon,30
1482,28.68275966,92.50969311,muskmelon,30
1483,28.92705913,91.39356832,muskmelon,30
1484,27.99901833,91.64193051,muskmelon,30
1485,27.59350075,91.79742953,muskmelon,30
1486,29.87331077,90.60932469,muskmelon,30
1487,28.55852465,90.45773041,muskmelon,30
1488,29.19378695,91.46241065,muskmelon,30
1489,27.98780984,92.78226196,muskmelon,30
1490,28.05380704,91.81758779,muskmelon,30
1491,27.350629600000005,94.29119509999998,muskmelon,30
1492,29.34081108,94.5513539,muskmelon,30
1493,28.61475136,94.22253035,muskmelon,30
1494,27.04863538,91.34685096,muskmelon,30
1495,29.5275305,94.57459443,muskmelon,30
1496,28.50416396,93.46806467,muskmelon,30
1497,28.89578588,94.78993038,muskmelon,30
1498,27.04927452,91.3821731,muskmelon,30
1499,28.96017885,91.69532178,muskmelon,30
1500,22.75088787,90.69489172,apple,50
1501,23.8494014,94.34814995,apple,50
1502,22.60800988,94.58900601,apple,50
1503,21.18667419,91.13435689,apple,50
1504,23.41044706,91.69913296,apple,50
1505,22.86006627,93.12859895,apple,50
1506,22.48403042,93.40819246,apple,50
1507,22.02775403,92.96129462,apple,50
1508,21.91191314,91.68748063,apple,50
1509,23.71059131,93.27392415,apple,50
1510,21.37784654,92.72043743,apple,50
1511,22.84852833,94.32130209,apple,50
1512,23.1094265,92.79630809,apple,50
1513,23.25230817,94.54128292,apple,50
1514,23.67287749,90.4935574,apple,50
1515,23.76881552,90.59810302,apple,50
1516,23.34386401,91.47684705,apple,50
1517,22.63946441,90.18451645,apple,50
1518,22.45696744,94.76285385,apple,50
1519,22.96388477,93.58065995,apple,50
1520,21.07273439,93.56585985,apple,50
1521,22.44075021,92.70785115,apple,50
1522,22.71271308,90.45261746,apple,50
1523,21.70416965,93.44006288,apple,50
1524,22.43324518,92.48667725,apple,50
1525,21.25941052,92.84416234,apple,50
1526,22.9215706,94.89613443,apple,50
1527,22.81212536,91.51861705,apple,50
1528,21.12152071,90.6878768,apple,50
1529,21.11478672,90.31528693,apple,50
1530,23.59997268,90.97597665,apple,50
1531,23.12652652,94.71203306,apple,50
1532,22.98458907,93.3204487,apple,50
1533,22.12659387,90.97818277,apple,50
1534,22.53779727,91.48135786,apple,50
1535,22.49095104,91.70292746,apple,50
1536,22.35548159,94.47811755,apple,50
1537,22.20700989,93.50574163,apple,50
1538,22.44516988,94.73763514,apple,50
1539,22.76643029,92.12438519,apple,50
1540,22.19109412,90.02575116,apple,50
1541,23.6119202,91.70293849,apple,50
1542,23.86087054,94.92048112,apple,50
1543,21.42177231,92.62665309,apple,50
1544,22.36629253,90.78572467,apple,50
1545,23.99686172,91.61001707,apple,50
1546,21.80129837,92.73446667,apple,50
1547,23.80436344,92.80441624,apple,50
1548,23.71475278,91.53331177,apple,50
1549,23.34467359,90.37981478,apple,50
1550,22.31253665,90.03577124,apple,50
1551,23.50201428,92.21083961,apple,50
1552,23.46260321,91.45665004,apple,50
1553,23.06204373,92.39544055,apple,50
1554,22.47420512,91.22759742,apple,50
1555,22.69780133,92.82223419,apple,50
1556,23.66682067,93.90191078,apple,50
1557,22.50050273,92.45878335,apple,50
1558,23.83053666,90.84422164,apple,50
1559,23.64142354,93.74461474,apple,50
1560,21.41363812,92.99124545,apple,50
1561,22.85267372,94.57645809999998,apple,50
1562,22.98208095,93.84505029,apple,50
1563,21.19909519,90.80819418,apple,50
1564,23.87192332,90.49939035,apple,50
1565,21.0365275,94.33919546,apple,50
1566,22.61711614,93.51978375,apple,50
1567,21.45278675,90.74531921,apple,50
1568,22.81227579,92.12992101,apple,50
1569,21.98141856,91.12719303,apple,50
1570,22.52709326,92.54780429,apple,50
1571,22.35628673,91.92360477,apple,50
1572,21.19852186,92.15595143,apple,50
1573,23.8812458,93.45067555,apple,50
1574,22.78234161,94.36803516,apple,50
1575,22.19055385,92.43764169,apple,50
1576,22.91430043,90.70475565,apple,50
1577,23.08950736,90.22507299,apple,50
1578,21.72484506,92.83975602,apple,50
1579,22.44307715,91.59234006,apple,50
1580,21.1316077,91.95769858,apple,50
1581,22.71750705,92.25479855,apple,50
1582,23.75033085,92.88160462,apple,50
1583,23.76121837,93.661643,apple,50
1584,22.13450646,94.67695747,apple,50
1585,21.17089176,90.23730166,apple,50
1586,22.36238282,91.15761594,apple,50
1587,22.77856513,92.70124029,apple,50
1588,21.22503442,90.09877774,apple,50
1589,23.15791104,90.34396882,apple,50
1590,22.42776057,93.91722423,apple,50
1591,23.64082979,90.95257927,apple,50
1592,22.29423493,90.69033986,apple,50
1593,23.35225078,90.90054697,apple,50
1594,22.03911546,94.58075845,apple,50
1595,23.80593812,92.48879468,apple,50
1596,22.31944084,90.85174383,apple,50
1597,22.14464104,93.82567435,apple,50
1598,23.65167552,94.50528753,apple,50
1599,22.16939473,90.27185592,apple,50
1600,15.78144173,92.51077745,orange,60
1601,26.03097313,91.50819306,orange,60
1602,13.36050601,91.35608208,orange,60
1603,18.87957654,92.04304496,orange,60
1604,29.47741671,91.57802915,orange,60
1605,28.06903173,92.91487288,orange,60
1606,25.66901098,92.04670813,orange,60
1607,29.77149434,92.00719952,orange,60
1608,30.55472573,90.90343769,orange,60
1609,23.96147583,90.26408017,orange,60
1610,23.98289638,91.5473145,orange,60
1611,25.26052689,90.31153735,orange,60
1612,31.08368929,90.14362642,orange,60
1613,14.78003032,91.22062116,orange,60
1614,26.56608303,94.45239715,orange,60
1615,24.85903405,94.39000473,orange,60
1616,34.51465139,93.63812684,orange,60
1617,24.12188673,90.72351622,orange,60
1618,23.85340379,90.10522549,orange,60
1619,24.60297538,91.28408653,orange,60
1620,15.63211033,94.25966183,orange,60
1621,19.33516809,91.97978938,orange,60
1622,28.2620488,91.98317355,orange,60
1623,22.67594476,93.36348717,orange,60
1624,21.03200078,92.9641969,orange,60
1625,33.23453301,91.06053924,orange,60
1626,22.30318989,92.15987039,orange,60
1627,11.50322938,94.8933184,orange,60
1628,14.34320488,94.35734702,orange,60
1629,33.105698100000005,93.48447453,orange,60
1630,30.49183837,90.4582865,orange,60
1631,30.25578031,92.03272799,orange,60
1632,12.22816189,90.26457428,orange,60
1633,10.01081312,90.22399223,orange,60
1634,22.79196751,90.60901895,orange,60
1635,20.18432263,90.65458473,orange,60
1636,30.72119881,94.01331956,orange,60
1637,24.35590861,92.39651663,orange,60
1638,21.21306973,91.35349216,orange,60
1639,10.78689755,91.38411917,orange,60
1640,11.89925671,91.34663797,orange,60
1641,22.56664172,93.37488907,orange,60
1642,18.86883219,93.24688124,orange,60
1643,17.34083741,93.04897191,orange,60
1644,34.90665289,92.87820148,orange,60
1645,24.53610067,91.90997228,orange,60
1646,13.8377282,91.74780462,orange,60
1647,22.3551049,93.52211892,orange,60
1648,34.74004942,93.12316972,orange,60
1649,11.54785707,94.14861001,orange,60
1650,23.13338811,91.94670335,orange,60
1651,29.98364695,94.55239717,orange,60
1652,20.87947369,90.93756231,orange,60
1653,17.24944623,91.13772765,orange,60
1654,15.83388699,91.68293851,orange,60
1655,23.01014302,91.11764246,orange,60
1656,16.39624284,92.18151927,orange,60
1657,24.45132792,93.10527686,orange,60
1658,31.87859192,91.15248149,orange,60
1659,31.34920143,91.48247612,orange,60
1660,18.05142392,90.03969587,orange,60
1661,30.84835031,92.86773675,orange,60
1662,22.45616931,91.52781832,orange,60
1663,13.70319166,90.95589386,orange,60
1664,20.48954522,93.72485075,orange,60
1665,13.20844373,94.02769434,orange,60
1666,32.31944397,93.67804556,orange,60
1667,20.68185224,90.91510525,orange,60
1668,31.52675982,90.50621806,orange,60
1669,25.35467646,91.81183218,orange,60
1670,17.66545409,91.69865887,orange,60
1671,12.59093977,91.81668769,orange,60
1672,11.86631922,93.68394562,orange,60
1673,11.03367937,92.22706805,orange,60
1674,25.2990432,94.96419851,orange,60
1675,32.23797837,90.15406807,orange,60
1676,17.68408797,94.35815354,orange,60
1677,10.2708877,90.19147747,orange,60
1678,17.22034507,94.78797376,orange,60
1679,19.667056,90.50096668,orange,60
1680,10.35609594,93.75652041,orange,60
1681,27.255435,91.71369387,orange,60
1682,34.591784600000004,92.13229786,orange,60
1683,32.39523995,94.51768464,orange,60
1684,10.16431299,91.22320999,orange,60
1685,21.49118657,93.43949693,orange,60
1686,16.53460397,94.76759975,orange,60
1687,31.8520694,90.12220323,orange,60
1688,28.04799508,90.00621688,orange,60
1689,31.75048899,94.59551226,orange,60
1690,29.07412717,93.27189064,orange,60
1691,19.14381903,90.71037456,orange,60
1692,16.14820285,91.4448027,orange,60
1693,34.05296914,92.05811721,orange,60
1694,34.51423957,90.56151463,orange,60
1695,32.71748548,90.54608254,orange,60
1696,25.16296632,92.54736032,orange,60
1697,27.68167318,94.47316879,orange,60
1698,21.35093384,90.9492967,orange,60
1699,11.69894639,93.25638873,orange,60
1700,35.21462816,91.49725058,papaya,20
1701,42.39413392,90.79028064,papaya,20
1702,38.4191628,91.14220381,papaya,20
1703,35.33294932,92.11508608,papaya,20
1704,42.92325255,90.07600528,papaya,20
1705,33.83508569,92.85470152,papaya,20
1706,33.20258348,92.76437927,papaya,20
1707,23.48546973,93.71043692,papaya,20
1708,29.33710543,90.81781439,papaya,20
1709,40.21199348,94.50766912,papaya,20
1710,42.13473976,91.70445386,papaya,20
1711,32.86316618,91.4618874,papaya,20
1712,29.80744318,91.38048469,papaya,20
1713,31.56213762,93.0484859,papaya,20
1714,36.32268069,93.06134398,papaya,20
1715,37.13165026,94.60761797,papaya,20
1716,38.4418717,93.63739039,papaya,20
1717,32.66160599,90.78931681,papaya,20
1718,27.92765919,91.55594211,papaya,20
1719,39.01793345,91.48815629,papaya,20
1720,32.51247398,94.65904123,papaya,20
1721,38.72382798,91.72514851,papaya,20
1722,43.30204933,92.83405443,papaya,20
1723,27.58548913,90.72526502,papaya,20
1724,40.78881819,92.90951393,papaya,20
1725,23.19451074,91.40301608,papaya,20
1726,32.68067385,92.61715632,papaya,20
1727,34.28879307,93.61082872,papaya,20
1728,39.30050027,94.16193416,papaya,20
1729,39.73149053,91.12220596,papaya,20
1730,39.23342464,91.25589286,papaya,20
1731,27.34734861,94.17756725,papaya,20
1732,40.76998685,92.09278584,papaya,20
1733,26.26559543,90.79668055,papaya,20
1734,28.12971499,93.3210737,papaya,20
1735,34.2804607,90.55561637,papaya,20
1736,33.7960155,93.00754254,papaya,20
1737,31.53243779,90.87394933,papaya,20
1738,42.30495821,90.51431779,papaya,20
1739,24.63676897,90.61964344,papaya,20
1740,28.28222883,91.37059792,papaya,20
1741,24.48620746,92.98254537,papaya,20
1742,42.84609252,94.63548176,papaya,20
1743,43.67549305,93.10887229,papaya,20
1744,42.07213781,92.92203105,papaya,20
1745,33.46873719,92.12746225,papaya,20
1746,31.7018373,91.66232213,papaya,20
1747,41.41968393,90.03863107,papaya,20
1748,42.54744013,94.94482086,papaya,20
1749,28.91842453,94.63676767,papaya,20
1750,43.08022702,93.90305729,papaya,20
1751,29.20300896,93.96834049,papaya,20
1752,41.04224355,91.37258067,papaya,20
1753,25.62446619,93.18240298,papaya,20
1754,35.32876402,91.06138506,papaya,20
1755,24.42561272,92.27749066,papaya,20
1756,31.18298415,90.21646909,papaya,20
1757,31.88342554,91.3256535,papaya,20
1758,42.93368602,91.1756748,papaya,20
1759,23.11407669,94.31994776,papaya,20
1760,24.87212063,93.90560147,papaya,20
1761,43.36051537,93.35191636,papaya,20
1762,26.83054058,90.75379971,papaya,20
1763,30.42012134,93.12659793,papaya,20
1764,28.64555584,93.22642604,papaya,20
1765,32.50037548,93.47888842,papaya,20
1766,43.03714283,94.6428898,papaya,20
1767,30.10773379,90.34546355,papaya,20
1768,23.69212243,93.61055571,papaya,20
1769,35.67667332,93.30641944,papaya,20
1770,27.71948962,94.43877142,papaya,20
1771,35.26824831,92.38282957,papaya,20
1772,23.16855863,90.78821158,papaya,20
1773,33.08706051,92.25197542,papaya,20
1774,37.4620912,90.44967809,papaya,20
1775,38.73218907,94.73613484,papaya,20
1776,32.57720726,92.74889453,papaya,20
1777,38.38231475,93.10378595,papaya,20
1778,42.93605359,90.09448142,papaya,20
1779,25.65492304,92.74501561,papaya,20
1780,37.58899717,91.99740365,papaya,20
1781,29.60718808,93.15642801,papaya,20
1782,25.34756111,93.02871078,papaya,20
1783,25.9300384,93.02357765,papaya,20
1784,32.76795887,94.57377401,papaya,20
1785,29.02328049,90.20396783,papaya,20
1786,40.00439101,90.17015833,papaya,20
1787,33.32315744,91.25271223,papaya,20
1788,31.22790131,94.94021378,papaya,20
1789,26.68386496,92.9585411,papaya,20
1790,24.70528368,90.14732171,papaya,20
1791,38.2016825,93.97379963,papaya,20
1792,36.56769731,93.79503425,papaya,20
1793,26.05375792,93.69111672,papaya,20
1794,31.29986342,92.76039164,papaya,20
1795,40.10207731,94.35110201,papaya,20
1796,38.58954491,91.58076549,papaya,20
1797,41.31330062,91.1508798,papaya,20
1798,37.03551903,91.79430166,papaya,20
1799,23.012401800000006,91.07355541,papaya,20
1800,26.762749300000007,92.86056895,coconut,45
1801,25.61294367,94.3138837,coconut,45
1802,28.130115000000004,95.64807631,coconut,45
1803,25.02887163,91.53720922,coconut,45
1804,27.79797651,99.64573002,coconut,45
1805,29.25902906,95.11294697,coconut,45
1806,27.10134661,93.69979946,coconut,45
1807,25.84726298,90.92669463,coconut,45
1808,26.58580443,90.98617591,coconut,45
1809,28.38503882,99.18843684,coconut,45
1810,28.43647052,91.81320717,coconut,45
1811,28.27298134,96.93649473,coconut,45
1812,27.00648436,96.46168931,coconut,45
1813,27.63551259,99.34854917,coconut,45
1814,26.29644905,99.65809151,coconut,45
1815,27.1326009,95.23797989,coconut,45
1816,25.56567803,97.61361544,coconut,45
1817,25.94951662,93.40548703,coconut,45
1818,28.03380598,95.01630593,coconut,45
1819,29.12859129,91.30924833,coconut,45
1820,27.0828252,97.00155491,coconut,45
1821,28.11321494,90.01734526,coconut,45
1822,27.5136304,94.18955816,coconut,45
1823,27.63834933,95.48763389,coconut,45
1824,29.01256899,94.01014388,coconut,45
1825,26.58413917,95.78923137,coconut,45
1826,28.28905147,97.00396405,coconut,45
1827,28.69164799,96.65248672,coconut,45
1828,29.70931288,96.30484325,coconut,45
1829,27.14865285,96.66355213,coconut,45
1830,29.28725038,91.95614918,coconut,45
1831,25.06871967,93.31410447,coconut,45
1832,26.92449525,91.20106019,coconut,45
1833,28.27804288,93.64761266,coconut,45
1834,29.18032562,92.73041222,coconut,45
1835,28.3575072,91.64509299,coconut,45
1836,29.38072512,93.27565685,coconut,45
1837,25.39241091,98.08951196,coconut,45
1838,26.31270635,98.62048026,coconut,45
1839,29.52501367,91.91185319,coconut,45
1840,28.83214859,92.17170353,coconut,45
1841,28.48444906,97.76865458,coconut,45
1842,28.74013335,93.39676499,coconut,45
1843,25.00872392,95.59224018,coconut,45
1844,29.8690834,91.14723422,coconut,45
1845,27.54273211,94.59086121,coconut,45
1846,26.52166434,98.38227669,coconut,45
1847,25.03512351,95.89739958,coconut,45
1848,29.20394909,95.66997327,coconut,45
1849,27.05826457,91.10510371,coconut,45
1850,26.18552389,96.96637916,coconut,45
1851,27.59376845,92.48519606,coconut,45
1852,25.76011662,94.65830608,coconut,45
1853,28.87862994,95.11320315,coconut,45
1854,26.50908611,94.48414544,coconut,45
1855,26.87037587,91.72546257,coconut,45
1856,27.57283516,94.90485697,coconut,45
1857,28.05912437,98.3670985,coconut,45
1858,29.51611558,92.56492864,coconut,45
1859,28.96318258,95.16333673,coconut,45
1860,25.09897688,92.36099489,coconut,45
1861,27.1872282,92.19906776,coconut,45
1862,29.03065024,90.79093862,coconut,45
1863,27.754298,95.94643831,coconut,45
1864,27.31155708,99.96906006,coconut,45
1865,28.84270971,99.64328526,coconut,45
1866,26.61423461,96.97300803,coconut,45
1867,29.70143197,95.65754365,coconut,45
1868,25.54759871,91.64194826,coconut,45
1869,26.37978453,91.49882979,coconut,45
1870,27.45907759,92.90736493,coconut,45
1871,27.02269204,95.71935435,coconut,45
1872,28.98545306,90.73966792,coconut,45
1873,26.1055118,91.52421214,coconut,45
1874,25.0707247,95.02156793,coconut,45
1875,25.54963273,96.92786777,coconut,45
1876,28.56973521,95.67906668,coconut,45
1877,26.07010807,96.7036223,coconut,45
1878,25.51791333,94.38420565,coconut,45
1879,25.9490364,94.73860514,coconut,45
1880,28.2974764,95.41122824,coconut,45
1881,29.56549169,91.40896307,coconut,45
1882,29.69952329,95.21224392,coconut,45
1883,26.14162144,93.28415295,coconut,45
1884,26.00175125,94.79998418,coconut,45
1885,27.15116142,91.48889469,coconut,45
1886,28.97318719,98.09861043,coconut,45
1887,26.13958446,96.38580769,coconut,45
1888,25.51618488,94.33465411,coconut,45
1889,27.55821802,99.98187601,coconut,45
1890,27.81132822,97.48410555,coconut,45
1891,25.60033702,99.7240104,coconut,45
1892,26.91641934,99.84671638,coconut,45
1893,29.1797902,90.27214288,coconut,45
1894,26.44600063,98.29937782,coconut,45
1895,28.43572863,95.8840407,coconut,45
1896,28.94099669,93.00109012,coconut,45
1897,26.45488737,93.45042636,coconut,45
1898,25.79490531,93.84150618,coconut,45
1899,26.93141945,98.80313612,coconut,45
1900,24.40228894,79.19732001,cotton,70
1901,23.09595631,84.86275707,cotton,70
1902,23.9656349,76.97696717,cotton,70
1903,24.88738107,75.62137159,cotton,70
1904,25.36243778,83.63276077,cotton,70
1905,24.69457084,81.7358876,cotton,70
1906,25.0017188,80.53965818,cotton,70
1907,22.45942937,81.30681027,cotton,70
1908,23.60564038,79.29573149,cotton,70
1909,24.58453146,79.12404171,cotton,70
1910,23.0865933,83.55546146,cotton,70
1911,23.5000992,83.63488952,cotton,70
1912,24.1472953,75.88298598,cotton,70
1913,24.69315538,84.84422454,cotton,70
1914,24.48469200000001,84.44932014,cotton,70
1915,24.49112609,82.24415809,cotton,70
1916,23.47986888,81.73049149,cotton,70
1917,24.18586246,76.04203958,cotton,70
1918,25.00755095,78.17952126,cotton,70
1919,25.99237426,77.0543546,cotton,70
1920,23.66457347,81.69105088,cotton,70
1921,25.66891439,81.38103349,cotton,70
1922,22.04612876,84.62978302,cotton,70
1923,22.4204752,84.55794703,cotton,70
1924,25.03149561,82.21276599,cotton,70
1925,23.53371386,77.21705554,cotton,70
1926,22.77076388,82.5993307,cotton,70
1927,25.49848236,79.9751579,cotton,70
1928,25.248679,83.4630147,cotton,70
1929,22.78249615,77.51235009,cotton,70
1930,23.37044424,77.43198948,cotton,70
1931,24.86560781,78.22080815,cotton,70
1932,24.14386157,84.51591287,cotton,70
1933,25.03300222,79.04368718,cotton,70
1934,23.65724079,84.47601498,cotton,70
1935,25.54359718,84.09229796,cotton,70
1936,22.00085141,79.47270984,cotton,70
1937,23.64328417,78.1258666,cotton,70
1938,23.96436009,78.02763149,cotton,70
1939,24.65425757,75.6350708,cotton,70
1940,24.3017998,84.87668973,cotton,70
1941,24.29144926,81.02453404,cotton,70
1942,24.29470232,84.61527627,cotton,70
1943,25.72180042,81.19666206,cotton,70
1944,24.87663664,76.30050373,cotton,70
1945,22.60612115,77.34264002,cotton,70
1946,23.86814008,75.68339729,cotton,70
1947,23.41022496,76.43836957,cotton,70
1948,24.96440768,81.31677618,cotton,70
1949,25.16820129,80.30351815,cotton,70
1950,22.72767171,77.07598065,cotton,70
1951,22.45145981,76.25674874,cotton,70
1952,23.04920461,75.53835214,cotton,70
1953,25.29250148,75.66653335,cotton,70
1954,22.95604064,82.33733678,cotton,70
1955,22.80213132,84.14668447,cotton,70
1956,23.54234715,75.98203329,cotton,70
1957,24.41212325,80.80343786,cotton,70
1958,22.94276687,75.37170612,cotton,70
1959,25.53676123,81.13668716,cotton,70
1960,25.32023717,81.79475917,cotton,70
1961,22.426733,81.53480799,cotton,70
1962,25.78544484,75.00539324,cotton,70
1963,25.68959532,77.90621048,cotton,70
1964,22.14593688,82.85975490000001,cotton,70
1965,25.07278712,82.50257909,cotton,70
1966,22.21506982,76.17851932,cotton,70
1967,23.9643129,76.59175937,cotton,70
1968,25.40059227,76.53237965,cotton,70
1969,23.7805123,83.03878838,cotton,70
1970,24.16402322,76.7433897,cotton,70
1971,25.31468463,77.91757121,cotton,70
1972,22.60361557,80.35090459999998,cotton,70
1973,22.9535715,78.71555832,cotton,70
1974,22.74446976,80.41198458,cotton,70
1975,23.80834611,83.91902605,cotton,70
1976,25.46228792,81.56641891,cotton,70
1977,25.96779712,81.97904282,cotton,70
1978,25.5308271,80.04662756,cotton,70
1979,24.43847399,81.69801729,cotton,70
1980,23.03887865,76.47039772,cotton,70
1981,23.51308653,76.72621429,cotton,70
1982,22.75805656,76.75768356,cotton,70
1983,24.71252544,77.7293114,cotton,70
1984,23.45969093,82.44777468,cotton,70
1985,25.5503704,77.85055621,cotton,70
1986,22.08458267,82.82904143,cotton,70
1987,24.68854799,78.51206972,cotton,70
1988,25.84997269,84.16855231,cotton,70
1989,22.46054478,75.40989245,cotton,70
1990,23.65629976,77.52425987,cotton,70
1991,22.00817088,81.83896111,cotton,70
1992,24.32630461,80.13456404,cotton,70
1993,22.92360984,82.68738535,cotton,70
1994,23.43821725,78.63388824,cotton,70
1995,22.10718988,78.58320116,cotton,70
1996,23.03814028,76.11021529,cotton,70
1997,24.54795322,75.39752705,cotton,70
1998,23.73868041,75.77503808,cotton,70
1999,22.31871914,83.86129998,cotton,70
2000,25.52468965,72.24850829,jute,20
2001,26.59104992,82.94164078,jute,20
2002,25.29781791,86.88705350000002,jute,20
2003,25.72100868,88.16513579,jute,20
2004,23.58419277,72.00460848,jute,20
2005,25.31042337,72.01364411,jute,20
2006,23.41798979,85.08640476,jute,20
2007,24.35564134,88.80391021,jute,20
2008,26.284017,75.14640198,jute,20
2009,25.13842773,83.12053888,jute,20
2010,24.88692811,71.91711523,jute,20
2011,25.75734909,88.36668522,jute,20
2012,23.12844351,74.68322732,jute,20
2013,24.9949957,88.95692783,jute,20
2014,25.21622704,70.88259632,jute,20
2015,24.39736241,79.26861738,jute,20
2016,23.31410442,71.4509053,jute,20
2017,25.72668885,81.86171563,jute,20
2018,26.96656378,78.21047693,jute,20
2019,23.70467146,74.63745355,jute,20
2020,24.90075709,73.84186449,jute,20
2021,23.39605743,72.60512854,jute,20
2022,26.8748389,79.78725152,jute,20
2023,23.1426498,74.99739774,jute,20
2024,24.29496635,77.62976013,jute,20
2025,24.39459498,89.89106506,jute,20
2026,25.7629429,80.76238215,jute,20
2027,25.4879684,84.48235878,jute,20
2028,25.37122686,76.2403666,jute,20
2029,26.21312799,81.70476368,jute,20
2030,24.30748599,78.54340987,jute,20
2031,23.76554749,87.98329901,jute,20
2032,24.79853023,78.53037059,jute,20
2033,23.20683504,74.09956958,jute,20
2034,23.66805429,70.89000744,jute,20
2035,25.12417673,85.72530641,jute,20
2036,23.89069041,83.46409075,jute,20
2037,23.09433785,81.45139295,jute,20
2038,24.21744605,82.85284045,jute,20
2039,24.06475727,71.31342851,jute,20
2040,24.85441411,74.44070479999998,jute,20
2041,26.41915161,76.85691248,jute,20
2042,24.89326318,77.01222585,jute,20
2043,23.25583402,82.7015932,jute,20
2044,24.7634518,87.06071115,jute,20
2045,24.97042599,78.62697699,jute,20
2046,26.12797248,80.49172597,jute,20
2047,25.97825807,81.65769588,jute,20
2048,26.2830571,73.35763537,jute,20
2049,26.38905406,83.31240346,jute,20
2050,25.2746335,73.7459581,jute,20
2051,23.09499564,78.45959697,jute,20
2052,25.79351957,81.76904006,jute,20
2053,23.17403323,87.88255345,jute,20
2054,25.63215038,79.95150917,jute,20
2055,25.84879500000001,87.81661683,jute,20
2056,26.56767277,80.90424543,jute,20
2057,26.24532085,72.97198375,jute,20
2058,26.91515043,73.19897535,jute,20
2059,24.36972377,82.11319791,jute,20
2060,25.71901283,79.15532398,jute,20
2061,25.01157559,88.33130229999998,jute,20
2062,25.40785911,76.44048625,jute,20
2063,23.28081,74.27607475,jute,20
2064,23.98651719,82.09053379,jute,20
2065,24.48556447,83.20630007,jute,20
2066,25.86705009,84.09985284,jute,20
2067,23.5643831,79.46283115,jute,20
2068,24.2248758,74.89465426,jute,20
2069,25.49386782,86.97061481,jute,20
2070,24.97178693,79.47557931,jute,20
2071,24.80624984,82.09281674,jute,20
2072,23.16814977,76.66724969,jute,20
2073,24.25133493,89.86454053,jute,20
2074,26.58361011,78.00774772,jute,20
2075,26.82489244,78.20392774,jute,20
2076,25.49674786,81.13449097,jute,20
2077,24.09874353,80.57226761,jute,20
2078,23.18866654,86.20899734,jute,20
2079,26.24347471,78.51063754,jute,20
2080,23.75091572,71.14782585,jute,20
2081,26.13871511,79.1188943,jute,20
2082,26.14576648,71.23690851,jute,20
2083,26.91643698,73.48655995,jute,20
2084,26.5232969,77.17331847,jute,20
2085,23.81579631,80.94023552,jute,20
2086,26.50838667,86.84264005,jute,20
2087,26.63952463,70.95705996,jute,20
2088,23.325013100000003,79.79609448,jute,20
2089,26.47549543,73.96164569,jute,20
2090,23.78756036,74.36794079,jute,20
2091,25.49941707,75.99987588,jute,20
2092,23.24925555,73.65346838,jute,20
2093,26.98582182,89.05587886,jute,20
2094,23.61475336,86.14290267,jute,20
2095,23.87484465,86.79261344,jute,20
2096,23.92887902,88.07112278,jute,20
2097,24.81441246,81.68688879,jute,20
2098,24.44743944,82.286484,jute,20
2099,26.57421679,73.81994896,jute,20
2100,26.33377983,57.36469955,coffee,20
2101,26.45288458,55.32222678,coffee,20
2102,25.70822684,52.88667115,coffee,20
2103,24.12832546,56.18107663,coffee,20
2104,23.44372334,60.39523266,coffee,20
2105,23.4123707,52.26994674,coffee,20
2106,23.05951896,50.40609436,coffee,20
2107,23.07895447,63.65861483,coffee,20
2108,27.6496114,51.11044023,coffee,20
2109,25.46743689,69.35161206,coffee,20
2110,26.7350622,55.55164819,coffee,20
2111,26.20811417,52.50987966,coffee,20
2112,27.0424167,57.27927475,coffee,20
2113,24.65090184,51.93952357,coffee,20
2114,27.35152643,55.99375012,coffee,20
2115,25.17787724,62.26244581,coffee,20
2116,23.11438731,68.00096043,coffee,20
2117,27.22783677,52.95261751,coffee,20
2118,23.26316991,60.51600210000001,coffee,20
2119,25.234661,57.53161469,coffee,20
2120,25.59535262,57.72920846,coffee,20
2121,25.5674832,60.49244602,coffee,20
2122,25.67324193,51.29043632,coffee,20
2123,24.40726724,62.65692638,coffee,20
2124,23.69287069,66.76090123,coffee,20
2125,24.53460016,66.99765375,coffee,20
2126,27.13140403,52.89368299,coffee,20
2127,27.56088634,68.49299897,coffee,20
2128,23.59302313,55.27564977,coffee,20
2129,23.17714381,52.13864034,coffee,20
2130,24.71384065,51.29142534,coffee,20
2131,24.38534644,64.72543073,coffee,20
2132,27.15998538,51.59100753,coffee,20
2133,26.53543168,67.09608099,coffee,20
2134,27.01207284,60.76645256,coffee,20
2135,27.55906475,58.45742907,coffee,20
2136,23.32293161,53.00366334,coffee,20
2137,24.23850608,54.30329632,coffee,20
2138,23.42611644,64.10651528,coffee,20
2139,26.02241444,55.83288958,coffee,20
2140,24.83846178,56.7685316,coffee,20
2141,26.24092174,65.64381357,coffee,20
2142,24.43011925,66.02411187,coffee,20
2143,26.00373964,62.144510200000006,coffee,20
2144,26.22367404,62.26594559,coffee,20
2145,27.09617155,63.55324262,coffee,20
2146,25.64004392,61.03273481,coffee,20
2147,27.74576987,54.36976075,coffee,20
2148,26.24928198,54.28617819,coffee,20
2149,26.67377159,52.24226285,coffee,20
2150,27.10210397,55.74973320000001,coffee,20
2151,27.62975458,61.26002598,coffee,20
2152,27.536454700000004,55.51673151,coffee,20
2153,23.56960509,50.56339727,coffee,20
2154,24.99451759,57.93250202,coffee,20
2155,27.56441788,54.41094079,coffee,20
2156,23.98143338,61.10935084,coffee,20
2157,24.22984659,67.37768353,coffee,20
2158,25.60153969,68.66257977,coffee,20
2159,24.31274458,53.57285558,coffee,20
2160,26.36629861,52.25738495,coffee,20
2161,26.5602777,57.1621814,coffee,20
2162,26.35034208,58.50650238,coffee,20
2163,25.20406808,57.88370456,coffee,20
2164,23.35723208,55.18792166,coffee,20
2165,23.60567546,59.68849145,coffee,20
2166,24.18471151,69.94807345,coffee,20
2167,26.44414097,53.83876189,coffee,20
2168,26.12492233,63.37479229,coffee,20
2169,27.77363343,64.47858698,coffee,20
2170,25.55656667,62.67087838,coffee,20
2171,27.92374437,67.96910852,coffee,20
2172,26.05968403,52.31098539,coffee,20
2173,26.35770906,64.57578034,coffee,20
2174,24.91370487,54.15319242,coffee,20
2175,27.31317116,68.42333909999999,coffee,20
2176,26.1387869,52.26311691,coffee,20
2177,23.1069385,67.06230539,coffee,20
2178,23.52648086,68.44030686,coffee,20
2179,25.11711046,68.48030408,coffee,20
2180,24.02952505,58.84880599,coffee,20
2181,26.70897548,69.71184111,coffee,20
2182,26.71717393,50.50148528,coffee,20
2183,24.59245684,56.46829641,coffee,20
2184,27.51006055,50.66687215,coffee,20
2185,27.57847581,58.52534263,coffee,20
2186,26.65069302,57.56695719,coffee,20
2187,26.97251562,62.0183627,coffee,20
2188,23.17124551,52.97841162,coffee,20
2189,23.52652084,65.44340921,coffee,20
2190,27.30901814,55.196224,coffee,20
2191,27.54823036,62.88179198,coffee,20
2192,25.627355,57.04151119,coffee,20
2193,23.29250318,50.04557009,coffee,20
2194,24.91461008,53.74144743,coffee,20
2195,26.77463708,66.4132686,coffee,20
2196,27.41711238,56.63636248,coffee,20
2197,24.13179691,67.22512329,coffee,20
2198,26.2724184,52.12739421,coffee,20
2199,23.60301571,60.39647474,coffee,20
